name,sub_network,category,lock_family,jump_desc,d,X,C_AB,R_obs,chosen_lock,prime_value,err_before,R_corr_eta,err_after_eta,R_corr_kappa,err_after_kappa
(BEDT-TTF)2Cu(NCS)2,single,SC_Molecular,rational,thermal@Tc→gap(Δ),3,14.4231,0,1.8411,rational,1.875,0.0184121,1.83968,0.0191986,,
(BEDT-TTF)2Cu(NCS)2,single,SC_Molecular,rational,gap(Δ)→Debye,2,14.4231,0,7.83394,rational,7.875,0.00524138,7.82991,0.00575878,,
(BEDT-TTF)2Cu(NCS)2,single,SC_Molecular,rational,Debye→electronic(E_F),1,14.4231,0,11.6045,rational,11.5714,0.00285144,11.6015,0.00259489,,
(BEDT-TTF)2Cu[N(CN)2]Br,single,SC_Molecular,rational,thermal@Tc→gap(Δ),3,13.3621,0,1.84072,rational,1.875,0.018625,1.8394,0.0193537,,
(BEDT-TTF)2Cu[N(CN)2]Br,single,SC_Molecular,rational,gap(Δ)→Debye,2,13.3621,0,7.25917,rational,7.2,0.00815061,7.25571,0.00767768,,
(BEDT-TTF)2Cu[N(CN)2]Br,single,SC_Molecular,rational,Debye→electronic(E_F),1,13.3621,0,11.2302,rational,11.25,0.00176499,11.2275,0.00200376,,
(La0.5Y0.5)H8,single,SC_HighPressure,mixed,thermal@Tc→gap(Δ),3,6.48276,0,1.92075,rational,1.875,0.0238177,1.92008,0.023479,,
(La0.5Y0.5)H8,single,SC_HighPressure,mixed,gap(Δ)→Debye,2,6.48276,0,3.37512,rational,3.375,3.62044e-05,3.37434,0.000195063,,
(La0.5Y0.5)H8,single,SC_HighPressure,mixed,Debye→electronic(E_F),1,6.48276,0,76.5404,rational,76.8,0.00339117,76.5316,0.00350718,,
(La0.925Sr0.075)2CuO4,single,SC_Oxide,mixed,thermal@Tc→gap(Δ),3,17.5,0,1.85672,rational,1.875,0.00984374,1.85498,0.0107901,,
(La0.925Sr0.075)2CuO4,single,SC_Oxide,mixed,gap(Δ)→Debye,2,17.5,0,9.42521,rational,9.375,0.00532702,9.41933,0.00470578,,
(La0.925Sr0.075)2CuO4,single,SC_Oxide,mixed,Debye→electronic(E_F),1,17.5,0,49.7336,integer,50,0.00535555,49.7181,0.00566941,,
(LaY)H10,single,SC_HighPressure,mixed,thermal@Tc→gap(Δ),3,4.42688,0,1.97231,integer,2,0.0140397,1.97184,0.0142799,,
(LaY)H10,single,SC_HighPressure,mixed,gap(Δ)→Debye,2,4.42688,0,2.24451,rational,2.25,0.00244386,2.24416,0.00260217,,
(LaY)H10,single,SC_HighPressure,mixed,Debye→electronic(E_F),1,4.42688,0,72.5282,integer,72,0.00728321,72.5225,0.00720483,,
(LaY)H4,single,SC_HighPressure,mixed,thermal@Tc→gap(Δ),3,8.63158,0,1.83229,rational,1.8,0.017624,1.83145,0.0171701,,
(LaY)H4,single,SC_HighPressure,mixed,gap(Δ)→Debye,2,8.63158,0,4.71081,rational,4.66667,0.0093704,4.70936,0.00906533,,
(LaY)H4,single,SC_HighPressure,mixed,Debye→electronic(E_F),1,8.63158,0,79.2504,rational,78.75,0.00631376,79.2382,0.00616077,,
(LaY)H6,single,SC_HighPressure,mixed,thermal@Tc→gap(Δ),3,5.02564,0,1.96384,integer,2,0.0184121,1.96331,0.018686,,
(LaY)H6,single,SC_HighPressure,mixed,gap(Δ)→Debye,2,5.02564,0,2.55909,rational,2.57143,0.00482271,2.55863,0.00500285,,
(LaY)H6,single,SC_HighPressure,mixed,Debye→electronic(E_F),1,5.02564,0,71.0481,rational,70.875,0.00243596,71.0417,0.00234654,,
(TMTSF)2AsF6,single,SC_Molecular,rational,thermal@Tc→gap(Δ),3,168.182,0,1.84617,rational,1.875,0.0156143,1.82956,0.0248356,,
(TMTSF)2AsF6,single,SC_Molecular,rational,gap(Δ)→Debye,2,168.182,0,91.0975,rational,91.125,0.000301621,90.5511,0.00633824,,
(TMTSF)2AsF6,single,SC_Molecular,rational,Debye→electronic(E_F),1,168.182,0,6.27271,rational,6.25,0.00362084,6.2539,0.000623414,,
(TMTSF)2ClO4,single,SC_Molecular,rational,thermal@Tc→gap(Δ),3,135.714,0,1.82357,rational,1.8,0.0129236,1.81033,0.00570422,,
(TMTSF)2ClO4,single,SC_Molecular,rational,gap(Δ)→Debye,2,135.714,0,74.4224,rational,74.6667,0.00328185,74.0622,0.00816192,,
(TMTSF)2ClO4,single,SC_Molecular,rational,Debye→electronic(E_F),1,135.714,0,6.10764,rational,6.125,0.00284216,6.09286,0.00527521,,
(TMTSF)2PF6 (under P),single,SC_Molecular,rational,thermal@Tc→gap(Δ),3,181.818,0,2.10991,rational,2.14286,0.0156143,2.08939,0.0255907,,
(TMTSF)2PF6 (under P),single,SC_Molecular,rational,gap(Δ)→Debye,2,181.818,0,86.1733,rational,86.4,0.00263037,85.6145,0.00917483,,
(TMTSF)2PF6 (under P),single,SC_Molecular,rational,Debye→electronic(E_F),1,181.818,0,5.80226,rational,5.83333,0.00535555,5.78345,0.008626,,
1T'-MoTe2,single,SC_Binary,mixed,thermal@Tc→gap(Δ),3,2000,0,1.85672,rational,1.875,0.00984374,1.65805,0.130847,,
1T'-MoTe2,single,SC_Binary,mixed,gap(Δ)→Debye,2,2000,0,1077.17,rational,1075.2,0.00182577,1000.33,0.0748481,,
1T'-MoTe2,single,SC_Binary,mixed,Debye→electronic(E_F),1,2000,0,278.508,rational,277.714,0.00285144,268.575,0.0340296,,
1T'-WTe2,single,SC_Binary,mixed,thermal@Tc→gap(Δ),3,3900,0,1.85672,rational,1.875,0.00984374,1.46931,0.276109,,
1T'-WTe2,single,SC_Binary,mixed,gap(Δ)→Debye,2,3900,0,2100.47,integer,2100,0.000226131,1808.29,0.161316,,
1T'-WTe2,single,SC_Binary,mixed,Debye→electronic(E_F),1,3900,0,279.699,integer,280,0.00107744,260.245,0.0759082,,
2H-NbS2,single,SC_Binary,integer,thermal@Tc→gap(Δ),3,41.6667,0,1.83738,integer,2,0.0885053,1.83329,0.0909372,,
2H-NbS2,single,SC_Binary,integer,gap(Δ)→Debye,2,41.6667,0,22.6772,integer,24,0.0583321,22.6435,0.0599072,,
2H-NbS2,single,SC_Binary,integer,Debye→electronic(E_F),1,41.6667,0,250.658,integer,250,0.00262347,250.471,0.00188179,,
2H-Pd0.08TaSe2,single,SC_Binary,mixed,thermal@Tc→gap(Δ),3,78.7879,0,1.82859,rational,1.8,0.0156354,1.82088,0.0114685,,
2H-Pd0.08TaSe2,single,SC_Binary,mixed,gap(Δ)→Debye,2,78.7879,0,43.0867,rational,43.2,0.00263037,42.9656,0.00545585,,
2H-Pd0.08TaSe2,single,SC_Binary,mixed,Debye→electronic(E_F),1,78.7879,0,13.3898,rational,13.3333,0.00421927,13.371,0.00281815,,
2H-TaS2,single,SC_Binary,integer,thermal@Tc→gap(Δ),3,300,0,1.88573,integer,2,0.0605949,1.85547,0.0778954,,
2H-TaS2,single,SC_Binary,integer,gap(Δ)→Debye,2,300,0,159.089,integer,160,0.0057249,157.387,0.0166028,,
2H-TaS2,single,SC_Binary,integer,Debye→electronic(E_F),1,300,0,9.67043,integer,10,0.03408,9.61869,0.0396422,,
2H-TaS2 (thin 3.5nm),single,SC_Binary,integer,thermal@Tc→gap(Δ),3,109.091,0,1.84617,integer,2,0.0833219,1.8354,0.0896818,,
2H-TaS2 (thin 3.5nm),single,SC_Binary,integer,gap(Δ)→Debye,2,109.091,0,59.0903,integer,60,0.0153953,58.8604,0.0193617,,
2H-TaS2 (thin 3.5nm),single,SC_Binary,integer,Debye→electronic(E_F),1,109.091,0,9.67043,integer,10,0.03408,9.65162,0.0360957,,
2H-TaSe2,single,SC_Binary,integer,thermal@Tc→gap(Δ),3,1785.71,0,1.82357,integer,2,0.0967515,1.64935,0.2126,,
2H-TaSe2,single,SC_Binary,integer,gap(Δ)→Debye,2,1785.71,0,979.242,integer,980,0.000773643,916.873,0.0688505,,
2H-TaSe2,single,SC_Binary,integer,Debye→electronic(E_F),1,1785.71,0,11.6045,integer,12,0.03408,11.235,0.0680943,,
2H-VSe2,single,SC_Binary,mixed,thermal@Tc→gap(Δ),3,1200,0,1.85672,rational,1.875,0.00984374,1.73752,0.0791248,,
2H-VSe2,single,SC_Binary,mixed,gap(Δ)→Debye,2,1200,0,646.3,integer,648,0.00263037,618.638,0.0474626,,
2H-VSe2,single,SC_Binary,mixed,Debye→electronic(E_F),1,1200,0,183.738,rational,183.75,6.42023e-05,179.806,0.021934,,
2M-WS2,single,SC_Binary,mixed,thermal@Tc→gap(Δ),3,29.5455,0,1.84617,rational,1.875,0.0156143,1.84326,0.0172222,,
2M-WS2,single,SC_Binary,mixed,gap(Δ)→Debye,2,29.5455,0,16.0036,integer,16,0.000226131,15.9868,0.000828549,,
2M-WS2,single,SC_Binary,mixed,Debye→electronic(E_F),1,29.5455,0,200.847,rational,201.6,0.00374698,200.742,0.00427614,,
2M-WS2 (thin <20nm),single,SC_Binary,mixed,thermal@Tc→gap(Δ),3,29.5455,0,1.84617,rational,1.875,0.0156143,1.84326,0.0172222,,
2M-WS2 (thin <20nm),single,SC_Binary,mixed,gap(Δ)→Debye,2,29.5455,0,16.0036,integer,16,0.000226131,15.9868,0.000828549,,
2M-WS2 (thin <20nm),single,SC_Binary,mixed,Debye→electronic(E_F),1,29.5455,0,200.847,rational,201.6,0.00374698,200.742,0.00427614,,
3R-Ta0.9Mo0.1Se2,single,SC_Binary,mixed,thermal@Tc→gap(Δ),3,67.1053,0,1.83229,rational,1.8,0.017624,1.82571,0.0140844,,
3R-Ta0.9Mo0.1Se2,single,SC_Binary,mixed,gap(Δ)→Debye,2,67.1053,0,36.6237,rational,36.5714,0.00142634,36.536,0.000969445,,
3R-Ta0.9Mo0.1Se2,single,SC_Binary,mixed,Debye→electronic(E_F),1,67.1053,0,13.6524,rational,13.7143,0.00453485,13.636,0.00573845,,
3R-Ta0.9W0.1Se2,single,SC_Binary,mixed,thermal@Tc→gap(Δ),3,57.7778,0,1.80515,rational,1.8,0.00285144,1.79957,0.000240474,,
3R-Ta0.9W0.1Se2,single,SC_Binary,mixed,gap(Δ)→Debye,2,57.7778,0,32.0072,integer,32,0.000226131,31.9413,0.00183844,,
3R-Ta0.9W0.1Se2,single,SC_Binary,mixed,Debye→electronic(E_F),1,57.7778,0,13.3898,rational,13.3333,0.00421927,13.376,0.00319217,,
4H-NbSe2,single,SC_Binary,integer,thermal@Tc→gap(Δ),3,30.7692,0,1.78531,integer,2,0.120253,1.78237,0.122101,,
4H-NbSe2,single,SC_Binary,integer,gap(Δ)→Debye,2,30.7692,0,17.2347,integer,18,0.0444066,17.2158,0.0455541,,
4H-NbSe2,single,SC_Binary,integer,Debye→electronic(E_F),1,30.7692,0,307.52,integer,315,0.0243245,307.351,0.0248869,,
4Hb-TaS2,single,SC_Binary,mixed,thermal@Tc→gap(Δ),3,81.4815,0,1.71919,rational,1.71429,0.00285144,1.71169,0.0015145,,
4Hb-TaS2,single,SC_Binary,mixed,gap(Δ)→Debye,2,81.4815,0,47.3953,rational,47.25,0.0030664,47.2576,0.000160639,,
4Hb-TaS2,single,SC_Binary,mixed,Debye→electronic(E_F),1,81.4815,0,10.5496,rational,10.5,0.00469801,10.5342,0.00324962,,
AcH10,single,SC_HighPressure,integer,thermal@Tc→gap(Δ),3,5.76471,0,1.91133,integer,2,0.0463905,1.91074,0.0467133,,
AcH10,single,SC_HighPressure,integer,gap(Δ)→Debye,2,5.76471,0,3.01607,integer,3,0.00532702,3.01545,0.00512246,,
AcH10,single,SC_HighPressure,integer,Debye→electronic(E_F),1,5.76471,0,76.9687,integer,75,0.0255785,76.9608,0.0254783,,
Al,single,SC_TypeI,integer,thermal@Tc→gap(Δ),3,356.667,0,1.74068,integer,2,0.148978,1.70746,0.171329,,
Al,single,SC_TypeI,integer,gap(Δ)→Debye,2,356.667,0,204.901,integer,200,0.023919,202.294,0.011342,,
Al,single,SC_TypeI,integer,Debye→electronic(E_F),1,356.667,0,317.226,integer,315,0.00701806,315.209,0.000661596,,
AlH3,single,SC_HighPressure,integer,thermal@Tc→gap(Δ),3,10,0,1.8535,integer,2,0.07904,1.85251,0.0796176,,
AlH3,single,SC_HighPressure,integer,gap(Δ)→Debye,2,10,0,5.3952,integer,5,0.0732503,5.39328,0.0729196,,
AlH3,single,SC_HighPressure,integer,Debye→electronic(E_F),1,10,0,88.6456,integer,90,0.0152785,88.6298,0.0154596,,
Am,single,SC_TypeII,mixed,thermal@Tc→gap(Δ),3,216.667,0,1.83738,rational,1.8,0.0203453,1.81608,0.00885605,,
Am,single,SC_TypeII,mixed,gap(Δ)→Debye,2,216.667,0,117.921,rational,118.125,0.00172655,117.01,0.0095281,,
Am,single,SC_TypeII,mixed,Debye→electronic(E_F),1,216.667,0,607.006,rational,607.5,0.000814551,604.66,0.00469666,,
AsH3,single,SC_HighPressure,mixed,thermal@Tc→gap(Δ),3,7.8,0,1.85672,rational,1.875,0.00984374,1.85595,0.0102653,,
AsH3,single,SC_HighPressure,mixed,gap(Δ)→Debye,2,7.8,0,4.20095,rational,4.2,0.000226131,4.19978,5.20885e-05,,
AsH3,single,SC_HighPressure,mixed,Debye→electronic(E_F),1,7.8,0,81.8267,rational,81.6667,0.00195613,81.8153,0.00181728,,
B2H6,single,SC_HighPressure,mixed,thermal@Tc→gap(Δ),3,7.04,0,1.85672,rational,1.875,0.00984374,1.85602,0.0102242,,
B2H6,single,SC_HighPressure,mixed,gap(Δ)→Debye,2,7.04,0,3.79163,rational,3.75,0.0109786,3.79067,0.0107302,,
B2H6,single,SC_HighPressure,mixed,Debye→electronic(E_F),1,7.04,0,79.1217,rational,78.75,0.00469801,79.1118,0.00457303,,
Ba(Fe0.8Co0.2)2As2,single,SC_IronBased,mixed,thermal@Tc→gap(Δ),3,9.88142,0,1.83471,rational,1.8,0.0189166,1.83374,0.0183977,,
Ba(Fe0.8Co0.2)2As2,single,SC_IronBased,mixed,gap(Δ)→Debye,2,9.88142,0,5.38583,rational,5.4,0.00263037,5.38394,0.00298386,,
Ba(Fe0.8Co0.2)2As2,single,SC_IronBased,mixed,Debye→electronic(E_F),1,9.88142,0,9.28361,rational,9.33333,0.00535555,9.28198,0.00553274,,
Ba(Fe0.9Co0.1)2As2,single,SC_IronBased,mixed,thermal@Tc→gap(Δ),3,11.3636,0,1.84617,rational,1.875,0.0156143,1.84505,0.0162321,,
Ba(Fe0.9Co0.1)2As2,single,SC_IronBased,mixed,gap(Δ)→Debye,2,11.3636,0,6.15524,rational,6.125,0.00491257,6.15274,0.00450909,,
Ba(Fe0.9Co0.1)2As2,single,SC_IronBased,mixed,Debye→electronic(E_F),1,11.3636,0,9.28361,rational,9.33333,0.00535555,9.28173,0.00555933,,
Ba0.6K0.4BiO3,single,SC_Oxide,mixed,thermal@Tc→gap(Δ),3,10,0,1.74068,rational,1.75,0.00535555,1.73975,0.00589371,,
Ba0.6K0.4BiO3,single,SC_Oxide,mixed,gap(Δ)→Debye,2,10,0,5.74489,rational,5.71429,0.00532702,5.74284,0.00497212,,
Ba0.6K0.4BiO3,single,SC_Oxide,mixed,Debye→electronic(E_F),1,10,0,193.409,rational,192.857,0.00285144,193.374,0.00267358,,
Ba0.6K0.4Fe2As2,single,SC_IronBased,mixed,thermal@Tc→gap(Δ),3,6.57895,0,1.83229,rational,1.8,0.017624,1.83165,0.0172781,,
Ba0.6K0.4Fe2As2,single,SC_IronBased,mixed,gap(Δ)→Debye,2,6.57895,0,3.59056,rational,3.6,0.00263037,3.58971,0.00286569,,
Ba0.6K0.4Fe2As2,single,SC_IronBased,mixed,Debye→electronic(E_F),1,6.57895,0,9.28361,rational,9.33333,0.00535555,9.28253,0.00547352,,
BaC6,single,SC_Binary,integer,thermal@Tc→gap(Δ),3,4461.54,0,1.78531,integer,2,0.120253,1.35916,0.471494,,
BaC6,single,SC_Binary,integer,gap(Δ)→Debye,2,4461.54,0,2499.03,integer,2500,0.000389493,2101.35,0.189709,,
BaC6,single,SC_Binary,integer,Debye→electronic(E_F),1,4461.54,0,152.059,integer,150,0.0135421,139.961,0.0717307,,
BaH12,single,SC_HighPressure,mixed,thermal@Tc→gap(Δ),3,6.64286,0,1.90646,rational,1.875,0.0165,1.90578,0.0161503,,
BaH12,single,SC_HighPressure,mixed,gap(Δ)→Debye,2,6.64286,0,3.4844,rational,3.5,0.00447711,3.48357,0.00471516,,
BaH12,single,SC_HighPressure,mixed,Debye→electronic(E_F),1,6.64286,0,74.8679,integer,75,0.00176499,74.859,0.00188368,,
BaH6,single,SC_HighPressure,integer,thermal@Tc→gap(Δ),3,11.4286,0,1.82357,integer,2,0.0967515,1.82245,0.0974225,,
BaH6,single,SC_HighPressure,integer,gap(Δ)→Debye,2,11.4286,0,6.26715,integer,6,0.0426273,6.2646,0.0422368,,
BaH6,single,SC_HighPressure,integer,Debye→electronic(E_F),1,11.4286,0,139.254,integer,140,0.00535555,139.226,0.00556049,,
BaPb0.75Bi0.25O3,single,SC_Oxide,mixed,thermal@Tc→gap(Δ),3,23.3333,0,1.74068,rational,1.75,0.00535555,1.7385,0.00661216,,
BaPb0.75Bi0.25O3,single,SC_Oxide,mixed,gap(Δ)→Debye,2,23.3333,0,13.4047,rational,13.3333,0.00532702,13.3936,0.00449852,,
BaPb0.75Bi0.25O3,single,SC_Oxide,mixed,Debye→electronic(E_F),1,23.3333,0,207.224,rational,208.286,0.00512575,207.137,0.00554418,,
BH,single,SC_HighPressure,integer,thermal@Tc→gap(Δ),3,16.6667,0,1.87883,integer,2,0.0644941,1.87715,0.0654441,,
BH,single,SC_HighPressure,integer,gap(Δ)→Debye,2,16.6667,0,8.87078,integer,9,0.0145664,8.86551,0.0151699,,
BH,single,SC_HighPressure,integer,Debye→electronic(E_F),1,16.6667,0,139.254,integer,140,0.00535555,139.213,0.00565446,,
Bi2Sr2Ca2Cu3O10 (Bi-2223),single,SC_Oxide,mixed,thermal@Tc→gap(Δ),3,3.72727,0,2.53189,rational,2.5,0.0125972,2.53139,0.0124003,,
Bi2Sr2Ca2Cu3O10 (Bi-2223),single,SC_Oxide,mixed,gap(Δ)→Debye,2,3.72727,0,1.47213,rational,1.5,0.0189333,1.47193,0.0190688,,
Bi2Sr2Ca2Cu3O10 (Bi-2223),single,SC_Oxide,mixed,Debye→electronic(E_F),1,3.72727,0,42.4556,rational,42.6667,0.00497255,42.4527,0.00503936,,
Bi2Sr2CaCu2O8 (Bi-2212),single,SC_Oxide,mixed,thermal@Tc→gap(Δ),3,4.44444,0,2.83666,rational,2.85714,0.00722077,2.83599,0.00746033,,
Bi2Sr2CaCu2O8 (Bi-2212),single,SC_Oxide,mixed,gap(Δ)→Debye,2,4.44444,0,1.56679,rational,1.6,0.0211976,1.56654,0.0213595,,
Bi2Sr2CaCu2O8 (Bi-2212),single,SC_Oxide,mixed,Debye→electronic(E_F),1,4.44444,0,43.5169,rational,43.75,0.00535555,43.5135,0.00543524,,
CaAlSi,single,SC_Binary,mixed,thermal@Tc→gap(Δ),3,40.2597,0,1.83864,rational,1.875,0.0197766,1.83468,0.0219779,,
CaAlSi,single,SC_Binary,mixed,gap(Δ)→Debye,2,40.2597,0,21.8965,rational,21.875,0.000982008,21.8651,0.000454601,,
CaAlSi,single,SC_Binary,mixed,Debye→electronic(E_F),1,40.2597,0,145.992,rational,145.833,0.00108904,145.888,0.000371328,,
CaC6,single,SC_Binary,integer,thermal@Tc→gap(Δ),3,26.087,0,1.7659,integer,2,0.132564,1.76344,0.134147,,
CaC6,single,SC_Binary,integer,gap(Δ)→Debye,2,26.087,0,14.7726,integer,15,0.0153953,14.7588,0.016341,,
CaC6,single,SC_Binary,integer,Debye→electronic(E_F),1,26.087,0,146.991,integer,147,6.42023e-05,146.922,0.000529675,,
CaH10,single,SC_HighPressure,integer,thermal@Tc→gap(Δ),3,5.02463,0,1.82928,integer,2,0.0933242,1.82879,0.0936181,,
CaH10,single,SC_HighPressure,integer,gap(Δ)→Debye,2,5.02463,0,2.74677,integer,3,0.0921899,2.74628,0.0923857,,
CaH10,single,SC_HighPressure,integer,Debye→electronic(E_F),1,5.02463,0,75.0881,integer,75,0.00117274,75.0813,0.00108323,,
CaH6,single,SC_HighPressure,integer,thermal@Tc→gap(Δ),3,4.18605,0,1.88911,integer,2,0.0587009,1.88868,0.0589381,,
CaH6,single,SC_HighPressure,integer,gap(Δ)→Debye,2,4.18605,0,2.21589,integer,2,0.0974264,2.21555,0.0972916,,
CaH6,single,SC_HighPressure,integer,Debye→electronic(E_F),1,4.18605,0,70.9165,integer,70,0.0129236,70.9112,0.01285,,
Cd,single,SC_TypeI,integer,thermal@Tc→gap(Δ),3,401.923,0,1.74068,integer,2,0.148978,1.70325,0.174228,,
Cd,single,SC_TypeI,integer,gap(Δ)→Debye,2,401.923,0,230.9,integer,225,0.0255536,227.59,0.0113813,,
Cd,single,SC_TypeI,integer,Debye→electronic(E_F),1,401.923,0,414.209,integer,420,0.0139806,411.24,0.021301,,
CeCoIn5,single,SC_HeavyFermion,rational,thermal@Tc→gap(Δ),3,108.696,0,3.68317,rational,3.75,0.0181438,3.66175,0.0240993,,
CeCoIn5,single,SC_HeavyFermion,rational,gap(Δ)→Debye,2,108.696,0,29.5114,rational,29.4,0.00377533,29.397,0.000101949,,
CeCoIn5,single,SC_HeavyFermion,rational,Debye→electronic(E_F),1,108.696,0,0.464181,rational,0.428571,0.0767143,0.463281,0.0749211,,
CeCu2Si2,single,SC_HeavyFermion,rational,thermal@Tc→gap(Δ),3,314.286,0,1.82357,rational,1.8,0.0129236,1.7929,0.00395749,,
CeCu2Si2,single,SC_HeavyFermion,rational,gap(Δ)→Debye,2,314.286,0,172.347,rational,172.8,0.00263037,170.415,0.013997,,
CeCu2Si2,single,SC_HeavyFermion,rational,Debye→electronic(E_F),1,314.286,0,0.527478,rational,0.5,0.0520933,0.524522,0.0467505,,
CeH10,single,SC_HighPressure,mixed,thermal@Tc→gap(Δ),3,7.2,0,1.94956,integer,2,0.025873,1.94881,0.0262683,,
CeH10,single,SC_HighPressure,mixed,gap(Δ)→Debye,2,7.2,0,3.69314,rational,3.75,0.0153953,3.69219,0.0156562,,
CeH10,single,SC_HighPressure,mixed,Debye→electronic(E_F),1,7.2,0,77.3635,rational,77.1429,0.00285144,77.3535,0.00272338,,
CeH9,single,SC_HighPressure,mixed,thermal@Tc→gap(Δ),3,7.65217,0,1.91727,rational,1.875,0.0220461,1.91648,0.0216455,,
CeH9,single,SC_HighPressure,mixed,gap(Δ)→Debye,2,7.65217,0,3.99119,integer,4,0.00220838,3.9901,0.00248199,,
CeH9,single,SC_HighPressure,mixed,Debye→electronic(E_F),1,7.65217,0,76.4843,rational,76.8,0.00412733,76.4739,0.00426438,,
CH4-H2 (clathrate),single,SC_HighPressure,mixed,thermal@Tc→gap(Δ),3,6.13333,0,1.85672,rational,1.875,0.00984374,1.85611,0.0101752,,
CH4-H2 (clathrate),single,SC_HighPressure,mixed,gap(Δ)→Debye,2,6.13333,0,3.30331,rational,3.33333,0.00908853,3.30259,0.00930933,,
CH4-H2 (clathrate),single,SC_HighPressure,mixed,Debye→electronic(E_F),1,6.13333,0,78.2044,rational,78.125,0.00101479,78.1958,0.000905512,,
CoH5,single,SC_HighPressure,mixed,thermal@Tc→gap(Δ),3,12.8947,0,1.86283,rational,1.875,0.00653278,1.86155,0.00722765,,
CoH5,single,SC_HighPressure,mixed,gap(Δ)→Debye,2,12.8947,0,6.92212,rational,6.85714,0.00938691,6.91894,0.00893109,,
CoH5,single,SC_HighPressure,mixed,Debye→electronic(E_F),1,12.8947,0,104.204,rational,104.167,0.0003567,104.18,0.000126769,,
Cr3Si,single,SC_Binary,integer,thermal@Tc→gap(Δ),3,76.5957,0,1.8024,integer,2,0.109629,1.79502,0.114195,,
Cr3Si,single,SC_Binary,integer,gap(Δ)→Debye,2,76.5957,0,42.4964,integer,42,0.0116819,42.3803,0.00897443,,
Cr3Si,single,SC_Binary,integer,Debye→electronic(E_F),1,76.5957,0,196.632,integer,196,0.0032147,196.364,0.00185124,,
CrH6,single,SC_HighPressure,mixed,thermal@Tc→gap(Δ),3,12.381,0,1.8512,rational,1.875,0.0128582,1.84997,0.0135296,,
CrH6,single,SC_HighPressure,mixed,gap(Δ)→Debye,2,12.381,0,6.68808,rational,6.66667,0.00320165,6.68513,0.00276127,,
CrH6,single,SC_HighPressure,mixed,Debye→electronic(E_F),1,12.381,0,102.655,rational,102.857,0.00196571,102.633,0.00218699,,
Cs3C60,single,SC_Molecular,rational,thermal@Tc→gap(Δ),3,3.0303,0,1.75826,rational,1.75,0.00469801,1.75798,0.00453662,,
Cs3C60,single,SC_Molecular,rational,gap(Δ)→Debye,2,3.0303,0,1.72347,rational,1.71429,0.00532702,1.72328,0.0052195,,
Cs3C60,single,SC_Molecular,rational,Debye→electronic(E_F),1,3.0303,0,406.158,rational,405,0.00285144,406.136,0.00279755,,
CsC8,single,SC_Binary,rational,thermal@Tc→gap(Δ),3,22500,0,1.74068,rational,1.75,0.00535555,0.348136,4.02678,,
CsC8,single,SC_Binary,rational,gap(Δ)→Debye,2,22500,0,12926,rational,10000,0.226365,2585.2,2.86817,,
CsC8,single,SC_Binary,rational,Debye→electronic(E_F),1,22500,0,451.287,rational,450,0.00285144,270.205,0.665404,,
CuMo6S8,single,SC_Binary,mixed,thermal@Tc→gap(Δ),3,18.0556,0,1.82664,rational,1.8,0.0145826,1.82487,0.0136298,,
CuMo6S8,single,SC_Binary,mixed,gap(Δ)→Debye,2,18.0556,0,9.88459,rational,9.8,0.00855758,9.87822,0.00791869,,
CuMo6S8,single,SC_Binary,mixed,Debye→electronic(E_F),1,18.0556,0,345.16,rational,345.6,0.0012747,345.049,0.00159721,,
EuMo6S8,single,SC_Binary,mixed,thermal@Tc→gap(Δ),3,30.7692,0,1.83887,rational,1.875,0.019648,1.83584,0.0213293,,
EuMo6S8,single,SC_Binary,mixed,gap(Δ)→Debye,2,30.7692,0,16.7327,rational,16.6667,0.00394553,16.7143,0.0028512,,
EuMo6S8,single,SC_Binary,mixed,Debye→electronic(E_F),1,30.7692,0,342.333,rational,342.857,0.00153026,342.145,0.00208013,,
FeH5,single,SC_HighPressure,mixed,thermal@Tc→gap(Δ),3,11.9565,0,1.89204,rational,1.875,0.00900667,1.89083,0.00837234,,
FeH5,single,SC_HighPressure,mixed,gap(Δ)→Debye,2,11.9565,0,6.31938,rational,6.25,0.0109786,6.31668,0.0105566,,
FeH5,single,SC_HighPressure,mixed,Debye→electronic(E_F),1,11.9565,0,94.9461,rational,94.5,0.00469801,94.9258,0.00448574,,
FeSe (monolayer on STO),single,SC_IronBased,mixed,thermal@Tc→gap(Δ),3,4.4,0,3.16487,rational,3.2,0.0111004,3.16412,0.0113385,,
FeSe (monolayer on STO),single,SC_IronBased,mixed,gap(Δ)→Debye,2,4.4,0,1.39026,rational,1.4,0.00700364,1.39004,0.0071617,,
FeSe (monolayer on STO),single,SC_IronBased,mixed,Debye→electronic(E_F),1,4.4,0,0.479526,rational,0.5,0.0426973,0.479488,0.0427791,,
FeSe0.5Te0.5,single,SC_IronBased,mixed,thermal@Tc→gap(Δ),3,16.5517,0,1.76069,rational,1.75,0.00606895,1.75913,0.00518801,,
FeSe0.5Te0.5,single,SC_IronBased,mixed,gap(Δ)→Debye,2,16.5517,0,9.40073,rational,9.375,0.00273672,9.39518,0.00214764,,
FeSe0.5Te0.5,single,SC_IronBased,mixed,Debye→electronic(E_F),1,16.5517,0,0.483522,rational,0.5,0.03408,0.483379,0.0343853,,
FeSe0.7Te0.3,single,SC_IronBased,mixed,thermal@Tc→gap(Δ),3,12.25,0,1.74068,rational,1.75,0.00535555,1.73954,0.00601488,,
FeSe0.7Te0.3,single,SC_IronBased,mixed,gap(Δ)→Debye,2,12.25,0,7.03749,integer,7,0.00532702,7.03441,0.00489223,,
FeSe0.7Te0.3,single,SC_IronBased,mixed,Debye→electronic(E_F),1,12.25,0,0.473654,rational,0.5,0.0556233,0.47355,0.055854,,
FeSe1-xSx (x=0.17),single,SC_IronBased,mixed,thermal@Tc→gap(Δ),3,25,0,2.08881,rational,2.14286,0.025873,2.08602,0.027247,,
FeSe1-xSx (x=0.17),single,SC_IronBased,mixed,gap(Δ)→Debye,2,25,0,11.9685,integer,12,0.00263037,11.9578,0.00352519,,
FeSe1-xSx (x=0.17),single,SC_IronBased,mixed,Debye→electronic(E_F),1,25,0,0.464181,rational,0.428571,0.0767143,0.463974,0.0763025,,
GaH3,single,SC_HighPressure,integer,thermal@Tc→gap(Δ),3,8.83721,0,1.84863,integer,2,0.0818842,1.84775,0.0823959,,
GaH3,single,SC_HighPressure,integer,gap(Δ)→Debye,2,8.83721,0,4.78042,integer,5,0.0459335,4.77891,0.0462633,,
GaH3,single,SC_HighPressure,integer,Debye→electronic(E_F),1,8.83721,0,87.0339,integer,90,0.03408,87.0202,0.034243,,
GdH9,single,SC_HighPressure,mixed,thermal@Tc→gap(Δ),3,8.77551,0,1.89462,rational,1.875,0.0103531,1.89373,0.00988828,,
GdH9,single,SC_HighPressure,mixed,gap(Δ)→Debye,2,8.77551,0,4.63182,rational,4.66667,0.00752405,4.63037,0.00783951,,
GdH9,single,SC_HighPressure,mixed,Debye→electronic(E_F),1,8.77551,0,78.263,rational,78.4,0.00175013,78.2508,0.00190693,,
GeH4,single,SC_HighPressure,integer,thermal@Tc→gap(Δ),3,25.3333,0,1.85672,integer,2,0.0771667,1.85421,0.0786286,,
GeH4,single,SC_HighPressure,integer,gap(Δ)→Debye,2,25.3333,0,13.6441,integer,14,0.0260837,13.6318,0.0270117,,
GeH4,single,SC_HighPressure,integer,Debye→electronic(E_F),1,25.3333,0,137.422,integer,135,0.017624,137.36,0.01718,,
H3S,single,SC_HighPressure,rational,thermal@Tc→gap(Δ),3,6.40394,0,1.74354,rational,1.75,0.00370742,1.74294,0.00405143,,
H3S,single,SC_HighPressure,rational,gap(Δ)→Debye,2,6.40394,0,3.67296,rational,3.6,0.0198645,3.67212,0.0196406,,
H3S,single,SC_HighPressure,rational,Debye→electronic(E_F),1,6.40394,0,71.4124,rational,71.4286,0.000226182,71.4043,0.000340427,,
H6SBr,single,SC_HighPressure,mixed,thermal@Tc→gap(Δ),3,7.56522,0,1.91727,rational,1.875,0.0220461,1.91649,0.0216501,,
H6SBr,single,SC_HighPressure,mixed,gap(Δ)→Debye,2,7.56522,0,3.94583,integer,4,0.013728,3.94477,0.0140016,,
H6SBr,single,SC_HighPressure,mixed,Debye→electronic(E_F),1,7.56522,0,78.6973,rational,78.75,0.000669568,78.6867,0.000804592,,
H6SCl,single,SC_HighPressure,mixed,thermal@Tc→gap(Δ),3,7.00787,0,1.91886,rational,1.875,0.022856,1.91814,0.0224895,,
H6SCl,single,SC_HighPressure,mixed,gap(Δ)→Debye,2,7.00787,0,3.65211,rational,3.6,0.0142679,3.6512,0.0140215,,
H6SCl,single,SC_HighPressure,mixed,Debye→electronic(E_F),1,7.00787,0,78.2327,rational,78.125,0.00137674,78.2229,0.00125192,,
Hf,single,SC_TypeII,integer,thermal@Tc→gap(Δ),3,1861.54,0,1.78531,integer,2,0.120253,1.6075,0.244165,,
Hf,single,SC_TypeII,integer,gap(Δ)→Debye,2,1861.54,0,1042.7,integer,1050,0.00700364,973.466,0.0786198,,
Hf,single,SC_TypeII,integer,Debye→electronic(E_F),1,1861.54,0,369.235,integer,375,0.0156143,356.977,0.0504884,,
HfH10,single,SC_HighPressure,integer,thermal@Tc→gap(Δ),3,4.76596,0,1.97524,integer,2,0.0125367,1.97473,0.0127949,,
HfH10,single,SC_HighPressure,integer,gap(Δ)→Debye,2,4.76596,0,2.41285,integer,2,0.171106,2.41244,0.170965,,
HfH10,single,SC_HighPressure,integer,Debye→electronic(E_F),1,4.76596,0,71.4921,integer,72,0.00710399,71.486,0.0071896,,
Hg,single,SC_TypeI,integer,thermal@Tc→gap(Δ),3,23.1325,0,2.06924,integer,2,0.0334613,2.06668,0.0322636,,
Hg,single,SC_TypeI,integer,gap(Δ)→Debye,2,23.1325,0,11.1792,integer,12,0.0734179,11.17,0.0743043,,
Hg,single,SC_TypeI,integer,Debye→electronic(E_F),1,23.1325,0,1075.84,integer,1080,0.00387091,1075.39,0.00428522,,
HgBa2Ca2Cu3O8 (Hg-1223),single,SC_Oxide,mixed,thermal@Tc→gap(Δ),3,3.18519,0,2.57878,rational,2.57143,0.00285144,2.57834,0.00268148,,
HgBa2Ca2Cu3O8 (Hg-1223),single,SC_Oxide,mixed,gap(Δ)→Debye,2,3.18519,0,1.23515,rational,1.25,0.0120219,1.23501,0.0121369,,
HgBa2Ca2Cu3O8 (Hg-1223),single,SC_Oxide,mixed,Debye→electronic(E_F),1,3.18519,0,40.4809,rational,40.5,0.000472392,40.4786,0.000529225,,
In,single,SC_TypeI,integer,thermal@Tc→gap(Δ),3,37.8299,0,1.80363,integer,2,0.108872,1.79998,0.111121,,
In,single,SC_TypeI,integer,gap(Δ)→Debye,2,37.8299,0,20.9743,integer,21,0.00122703,20.946,0.0025798,,
In,single,SC_TypeI,integer,Debye→electronic(E_F),1,37.8299,0,850.998,integer,840,0.0129236,850.424,0.0122573,,
InH3,single,SC_HighPressure,integer,thermal@Tc→gap(Δ),3,12,0,1.85672,integer,2,0.0771667,1.85553,0.0778587,,
InH3,single,SC_HighPressure,integer,gap(Δ)→Debye,2,12,0,6.463,integer,6,0.0716386,6.46023,0.071241,,
InH3,single,SC_HighPressure,integer,Debye→electronic(E_F),1,12,0,116.045,integer,120,0.03408,116.02,0.0343013,,
InH5,single,SC_HighPressure,mixed,thermal@Tc→gap(Δ),3,14.0741,0,1.84813,rational,1.875,0.0145407,1.84674,0.0153052,,
InH5,single,SC_HighPressure,mixed,gap(Δ)→Debye,2,14.0741,0,7.61532,rational,7.71429,0.0129959,7.61149,0.0135047,,
InH5,single,SC_HighPressure,mixed,Debye→electronic(E_F),1,14.0741,0,137.422,rational,137.2,0.00161492,137.387,0.00136427,,
Ir,single,SC_TypeII,integer,thermal@Tc→gap(Δ),3,3818.18,0,1.79343,integer,2,0.115184,1.42707,0.401472,,
Ir,single,SC_TypeII,integer,gap(Δ)→Debye,2,3818.18,0,2128.99,integer,2100,0.013616,1839.05,0.141892,,
Ir,single,SC_TypeII,integer,Debye→electronic(E_F),1,3818.18,0,243.142,integer,243,0.00058519,226.586,0.0724395,,
IrO2,single,SC_Binary,mixed,thermal@Tc→gap(Δ),3,960,0,1.85672,rational,1.875,0.00984374,1.76136,0.0645184,,
IrO2,single,SC_Binary,mixed,gap(Δ)→Debye,2,960,0,517.04,rational,518.4,0.00263037,499.336,0.0381782,,
IrO2,single,SC_Binary,mixed,Debye→electronic(E_F),1,960,0,171.65,rational,171.5,0.000874825,168.711,0.0165285,,
K3C60,single,SC_Molecular,rational,thermal@Tc→gap(Δ),3,6.66667,0,1.93409,rational,1.875,0.03055,1.9334,0.0302041,,
K3C60,single,SC_Molecular,rational,gap(Δ)→Debye,2,6.66667,0,3.44693,rational,3.42857,0.00532702,3.44611,0.00509045,,
K3C60,single,SC_Molecular,rational,Debye→electronic(E_F),1,6.66667,0,338.465,rational,337.5,0.00285144,338.425,0.00273287,,
KC8,single,SC_Binary,rational,thermal@Tc→gap(Δ),3,714.286,0,1.82357,rational,1.8,0.0129236,1.75388,0.0262962,,
KC8,single,SC_Binary,rational,gap(Δ)→Debye,2,714.286,0,391.697,rational,392,0.000773643,381.718,0.0269365,,
KC8,single,SC_Binary,rational,Debye→electronic(E_F),1,714.286,0,406.158,rational,405,0.00285144,400.984,0.0100145,,
La,single,SC_TypeI,integer,thermal@Tc→gap(Δ),3,28.9796,0,1.75252,integer,2,0.141214,1.7498,0.142987,,
La,single,SC_TypeI,integer,gap(Δ)→Debye,2,28.9796,0,16.536,integer,16,0.032412,16.5189,0.0314109,,
La,single,SC_TypeI,integer,Debye→electronic(E_F),1,28.9796,0,629.259,integer,630,0.00117745,628.934,0.00169513,,
La2-xBaxCuO4 (x~0.125),single,SC_Oxide,mixed,thermal@Tc→gap(Δ),3,11.8333,0,1.85672,rational,1.875,0.00984374,1.85555,0.0104835,,
La2-xBaxCuO4 (x~0.125),single,SC_Oxide,mixed,gap(Δ)→Debye,2,11.8333,0,6.37324,rational,6.4,0.00419943,6.37055,0.00462344,,
La2-xBaxCuO4 (x~0.125),single,SC_Oxide,mixed,Debye→electronic(E_F),1,11.8333,0,49.0332,integer,49,0.000676586,49.0228,0.000465653,,
La2-xSrxCuO4 (LSCO x~0.15),single,SC_Oxide,mixed,thermal@Tc→gap(Δ),3,9.47368,0,2.13767,rational,2.14286,0.00242448,2.13659,0.00293282,,
La2-xSrxCuO4 (LSCO x~0.15),single,SC_Oxide,mixed,gap(Δ)→Debye,2,9.47368,0,4.43177,rational,4.375,0.0128101,4.43027,0.0124764,,
La2-xSrxCuO4 (LSCO x~0.15),single,SC_Oxide,mixed,Debye→electronic(E_F),1,9.47368,0,48.3522,rational,48.6,0.00512575,48.344,0.0052956,,
LaBeH8,single,SC_HighPressure,mixed,thermal@Tc→gap(Δ),3,5.51351,0,1.94454,integer,2,0.0285204,1.94397,0.0288239,,
LaBeH8,single,SC_HighPressure,mixed,gap(Δ)→Debye,2,5.51351,0,2.83538,rational,2.85714,0.00767524,2.83482,0.00787344,,
LaBeH8,single,SC_HighPressure,mixed,Debye→electronic(E_F),1,5.51351,0,77.3635,rational,77.1429,0.00285144,77.3558,0.00275338,,
LaCeH18,single,SC_HighPressure,mixed,thermal@Tc→gap(Δ),3,5.61798,0,1.95582,integer,2,0.0225902,1.95523,0.0228977,,
LaCeH18,single,SC_HighPressure,mixed,gap(Δ)→Debye,2,5.61798,0,2.87244,rational,2.85714,0.00532702,2.87187,0.00512767,,
LaCeH18,single,SC_HighPressure,mixed,Debye→electronic(E_F),1,5.61798,0,75.4294,rational,75.6,0.00226215,75.4218,0.00236257,,
LaH10,single,SC_HighPressure,integer,thermal@Tc→gap(Δ),3,4.4,0,2.46016,integer,2,0.187044,2.45958,0.186853,,
LaH10,single,SC_HighPressure,integer,gap(Δ)→Debye,2,4.4,0,1.7885,integer,2,0.118254,1.78822,0.118429,,
LaH10,single,SC_HighPressure,integer,Debye→electronic(E_F),1,4.4,0,68.5722,integer,70,0.0208226,68.5668,0.0209027,,
LaH8,single,SC_HighPressure,mixed,thermal@Tc→gap(Δ),3,7.91667,0,1.74068,rational,1.75,0.00535555,1.73994,0.00578155,,
LaH8,single,SC_HighPressure,mixed,gap(Δ)→Debye,2,7.91667,0,4.54804,rational,4.57143,0.00514322,4.54675,0.00542712,,
LaH8,single,SC_HighPressure,mixed,Debye→electronic(E_F),1,7.91667,0,73.2917,rational,73.1429,0.00203074,73.2813,0.00188982,,
LaO0.9F0.1FeAs,single,SC_IronBased,mixed,thermal@Tc→gap(Δ),3,10.7692,0,1.82994,rational,1.8,0.0163629,1.82889,0.0157959,,
LaO0.9F0.1FeAs,single,SC_IronBased,mixed,gap(Δ)→Debye,2,10.7692,0,5.88501,rational,5.83333,0.00878074,5.88275,0.00839986,,
LaO0.9F0.1FeAs,single,SC_IronBased,mixed,Debye→electronic(E_F),1,10.7692,0,8.28894,rational,8.33333,0.00535555,8.28735,0.00554867,,
LaSc2H24,single,SC_HighPressure,mixed,thermal@Tc→gap(Δ),3,3.62538,0,1.9633,integer,2,0.0186919,1.96292,0.0188895,,
LaSc2H24,single,SC_HighPressure,mixed,gap(Δ)→Debye,2,3.62538,0,1.84657,rational,1.875,0.0153953,1.84633,0.0155267,,
LaSc2H24,single,SC_HighPressure,mixed,Debye→electronic(E_F),1,3.62538,0,72.5282,integer,72,0.00728321,72.5235,0.00721902,,
LaSr2H18,single,SC_HighPressure,mixed,thermal@Tc→gap(Δ),3,5.92814,0,1.94567,integer,2,0.0279248,1.94505,0.0282509,,
LaSr2H18,single,SC_HighPressure,mixed,gap(Δ)→Debye,2,5.92814,0,3.04684,integer,3,0.0153742,3.0462,0.015166,,
LaSr2H18,single,SC_HighPressure,mixed,Debye→electronic(E_F),1,5.92814,0,76.1913,rational,75.6,0.00776048,76.1832,0.00765556,,
LaSr3H24,single,SC_HighPressure,mixed,thermal@Tc→gap(Δ),3,5.88757,0,1.92264,rational,1.875,0.0247795,1.92204,0.0244722,,
LaSr3H24,single,SC_HighPressure,mixed,gap(Δ)→Debye,2,5.88757,0,3.06223,integer,3,0.0203221,3.06159,0.0201163,,
LaSr3H24,single,SC_HighPressure,mixed,Debye→electronic(E_F),1,5.88757,0,75.8084,rational,75.6,0.00274917,75.8005,0.00264445,,
LaSrH12,single,SC_HighPressure,mixed,thermal@Tc→gap(Δ),3,6.125,0,1.95826,integer,2,0.0213136,1.95762,0.0216484,,
LaSrH12,single,SC_HighPressure,mixed,gap(Δ)→Debye,2,6.125,0,3.12777,rational,3.125,0.000886514,3.12709,0.000668197,,
LaSrH12,single,SC_HighPressure,mixed,Debye→electronic(E_F),1,6.125,0,75.7846,rational,75.6,0.00243596,75.7763,0.00232698,,
LaSrH21,single,SC_HighPressure,mixed,thermal@Tc→gap(Δ),3,5.0237,0,1.92492,rational,1.875,0.0259336,1.9244,0.0256717,,
LaSrH21,single,SC_HighPressure,mixed,gap(Δ)→Debye,2,5.0237,0,2.60982,rational,2.625,0.00581613,2.60935,0.00599639,,
LaSrH21,single,SC_HighPressure,mixed,Debye→electronic(E_F),1,5.0237,0,75.5388,rational,75.6,0.000809592,75.5321,0.000899263,,
LaThH12,single,SC_HighPressure,mixed,thermal@Tc→gap(Δ),3,5.66667,0,1.93409,rational,1.875,0.03055,1.9335,0.030256,,
LaThH12,single,SC_HighPressure,mixed,gap(Δ)→Debye,2,5.66667,0,2.92989,integer,3,0.0239281,2.9293,0.0241351,,
LaThH12,single,SC_HighPressure,mixed,Debye→electronic(E_F),1,5.66667,0,75.0881,integer,75,0.00117274,75.0805,0.00107179,,
LaYH20,single,SC_HighPressure,mixed,thermal@Tc→gap(Δ),3,4.42688,0,1.97231,integer,2,0.0140397,1.97184,0.0142799,,
LaYH20,single,SC_HighPressure,mixed,gap(Δ)→Debye,2,4.42688,0,2.24451,rational,2.25,0.00244386,2.24416,0.00260217,,
LaYH20,single,SC_HighPressure,mixed,Debye→electronic(E_F),1,4.42688,0,72.5282,integer,72,0.00728321,72.5225,0.00720483,,
Li2MgH16,single,SC_HighPressure,mixed,thermal@Tc→gap(Δ),3,3.06554,0,1.96271,integer,2,0.0189997,1.96239,0.0191668,,
Li2MgH16,single,SC_HighPressure,mixed,gap(Δ)→Debye,2,3.06554,0,1.56189,rational,1.6,0.0243988,1.56172,0.0245109,,
Li2MgH16,single,SC_HighPressure,mixed,Debye→electronic(E_F),1,3.06554,0,68.0265,rational,67.5,0.00773942,68.0228,0.00768517,,
LiFeAs,single,SC_IronBased,mixed,thermal@Tc→gap(Δ),3,15,0,1.80515,rational,1.8,0.00285144,1.8037,0.00205057,,
LiFeAs,single,SC_IronBased,mixed,gap(Δ)→Debye,2,15,0,8.30957,rational,8.33333,0.00285959,8.30513,0.00339642,,
LiFeAs,single,SC_IronBased,mixed,Debye→electronic(E_F),1,15,0,6.44695,rational,6.42857,0.00285144,6.44523,0.00258462,,
LuB12,single,SC_Binary,integer,thermal@Tc→gap(Δ),3,2333.33,0,1.82357,integer,2,0.0967515,1.59592,0.253195,,
LuB12,single,SC_Binary,integer,gap(Δ)→Debye,2,2333.33,0,1279.54,integer,1280,0.000356827,1173.06,0.0911679,,
LuB12,single,SC_Binary,integer,Debye→electronic(E_F),1,2333.33,0,85.2577,integer,84,0.0147516,81.71,0.0280265,,
LuH3,single,SC_HighPressure,integer,thermal@Tc→gap(Δ),3,54.8387,0,1.8717,integer,2,0.0685493,1.86621,0.0716936,,
LuH3,single,SC_HighPressure,integer,gap(Δ)→Debye,2,54.8387,0,29.2989,integer,30,0.0239281,29.2416,0.0259347,,
LuH3,single,SC_HighPressure,integer,Debye→electronic(E_F),1,54.8387,0,90.447,integer,90,0.0049419,90.3585,0.0039678,,
MgCNi3,single,SC_Binary,mixed,thermal@Tc→gap(Δ),3,43.75,0,1.74068,rational,1.75,0.00535555,1.7366,0.00771427,,
MgCNi3,single,SC_Binary,mixed,gap(Δ)→Debye,2,43.75,0,25.1339,rational,25.2,0.00263037,25.0947,0.00419736,,
MgCNi3,single,SC_Binary,mixed,Debye→electronic(E_F),1,43.75,0,165.779,rational,165.375,0.00243596,165.649,0.00165703,,
MgH12,single,SC_HighPressure,mixed,thermal@Tc→gap(Δ),3,4.89796,0,1.94198,integer,2,0.0298764,1.94147,0.0301464,,
MgH12,single,SC_HighPressure,mixed,gap(Δ)→Debye,2,4.89796,0,2.52215,rational,2.5,0.00878074,2.52171,0.00860755,,
MgH12,single,SC_HighPressure,mixed,Debye→electronic(E_F),1,4.89796,0,71.5612,rational,71.4286,0.00185329,71.5549,0.0017661,,
MgH6,single,SC_HighPressure,mixed,thermal@Tc→gap(Δ),3,4.35424,0,1.96977,integer,2,0.0153467,1.96931,0.0155832,,
MgH6,single,SC_HighPressure,mixed,gap(Δ)→Debye,2,4.35424,0,2.21053,rational,2.25,0.0178539,2.21019,0.018012,,
MgH6,single,SC_HighPressure,mixed,Debye→electronic(E_F),1,4.35424,0,73.7575,rational,73.5,0.00349158,73.7518,0.00341419,,
MnH8,single,SC_HighPressure,mixed,thermal@Tc→gap(Δ),3,9.44444,0,1.8535,rational,1.875,0.0116,1.85256,0.0121114,,
MnH8,single,SC_HighPressure,mixed,gap(Δ)→Debye,2,9.44444,0,5.09547,rational,5.14286,0.00930053,5.09375,0.00964063,,
MnH8,single,SC_HighPressure,mixed,Debye→electronic(E_F),1,9.44444,0,88.7404,rational,88.2,0.00609004,88.7255,0.00592261,,
Mo,single,SC_TypeII,integer,thermal@Tc→gap(Δ),3,489.13,0,1.7659,integer,2,0.132564,1.71969,0.162998,,
Mo,single,SC_TypeII,integer,gap(Δ)→Debye,2,489.13,0,276.986,integer,280,0.0108825,272.153,0.0288314,,
Mo,single,SC_TypeII,integer,Debye→electronic(E_F),1,489.13,0,170.2,integer,168,0.0129236,168.715,0.00423762,,
Mo3Al,single,SC_Binary,integer,thermal@Tc→gap(Δ),3,355.556,0,1.80515,integer,2,0.107943,1.77081,0.129427,,
Mo3Al,single,SC_Binary,integer,gap(Δ)→Debye,2,355.556,0,196.968,integer,196,0.00491257,194.47,0.00786893,,
Mo3Al,single,SC_Binary,integer,Debye→electronic(E_F),1,355.556,0,206.705,integer,210,0.0159382,205.395,0.0224213,,
Mo3Si,single,SC_Binary,integer,thermal@Tc→gap(Δ),3,240.31,0,1.70919,integer,2,0.170143,1.68722,0.185383,,
Mo3Si,single,SC_Binary,integer,gap(Δ)→Debye,2,240.31,0,140.599,integer,140,0.00425748,139.393,0.00435103,,
Mo3Si,single,SC_Binary,integer,Debye→electronic(E_F),1,240.31,0,205.887,integer,210,0.0199789,205.004,0.0243689,,
MoC,single,SC_Binary,integer,thermal@Tc→gap(Δ),3,38.4615,0,1.82589,integer,2,0.0953588,1.82213,0.0976174,,
MoC,single,SC_Binary,integer,gap(Δ)→Debye,2,38.4615,0,21.0646,integer,21,0.0030664,21.0357,0.00169691,,
MoC,single,SC_Binary,integer,Debye→electronic(E_F),1,38.4615,0,124.485,integer,125,0.00413841,124.399,0.00482763,,
MoH11,single,SC_HighPressure,mixed,thermal@Tc→gap(Δ),3,6.41892,0,1.88181,rational,1.875,0.00362084,1.88117,0.00327855,,
MoH11,single,SC_HighPressure,mixed,gap(Δ)→Debye,2,6.41892,0,3.41103,rational,3.42857,0.00514322,3.41025,0.0053734,,
MoH11,single,SC_HighPressure,mixed,Debye→electronic(E_F),1,6.41892,0,76.9563,rational,76.8,0.00203074,76.9475,0.00191648,,
MoRe,single,SC_Binary,integer,thermal@Tc→gap(Δ),3,44.5652,0,1.89204,integer,2,0.0570595,1.88753,0.0595859,,
MoRe,single,SC_Binary,integer,gap(Δ)→Debye,2,44.5652,0,23.554,integer,24,0.0189333,23.5166,0.0205555,,
MoRe,single,SC_Binary,integer,Debye→electronic(E_F),1,44.5652,0,192.465,integer,192,0.00241695,192.312,0.00162348,,
Na2CsC60,single,SC_Molecular,rational,thermal@Tc→gap(Δ),3,9.58333,0,1.83738,rational,1.8,0.0203453,1.83644,0.0198427,,
Na2CsC60,single,SC_Molecular,rational,gap(Δ)→Debye,2,9.58333,0,5.21575,rational,5.25,0.00656581,5.21397,0.00690998,,
Na2CsC60,single,SC_Molecular,rational,Debye→electronic(E_F),1,9.58333,0,353.181,rational,352.8,0.00107873,353.121,0.000907978,,
NaAlSi,single,SC_Binary,mixed,thermal@Tc→gap(Δ),3,42.1429,0,1.82357,rational,1.8,0.0129236,1.81946,0.0106931,,
NaAlSi,single,SC_Binary,mixed,gap(Δ)→Debye,2,42.1429,0,23.1101,rational,23.1429,0.00141653,23.0754,0.00292405,,
NaAlSi,single,SC_Binary,mixed,Debye→electronic(E_F),1,42.1429,0,145.548,rational,145.8,0.00173006,145.439,0.00248348,,
Nb,single,SC_TypeII,integer,thermal@Tc→gap(Δ),3,29.7297,0,1.94454,integer,2,0.0285204,1.94145,0.030159,,
Nb,single,SC_TypeII,integer,gap(Δ)→Debye,2,29.7297,0,15.2888,integer,15,0.0188907,15.2726,0.0178493,,
Nb,single,SC_TypeII,integer,Debye→electronic(E_F),1,29.7297,0,224.495,integer,224,0.00220352,224.376,0.00167421,,
Nb3Al,single,SC_Binary,integer,thermal@Tc→gap(Δ),3,14.8148,0,1.84199,integer,2,0.085784,1.84053,0.0866453,,
Nb3Al,single,SC_Binary,integer,gap(Δ)→Debye,2,14.8148,0,8.04284,integer,8,0.00532702,8.03859,0.00480115,,
Nb3Al,single,SC_Binary,integer,Debye→electronic(E_F),1,14.8148,0,273.535,integer,270,0.0129236,273.463,0.0126628,,
Nb3Au,single,SC_Binary,integer,thermal@Tc→gap(Δ),3,23.4783,0,1.91727,integer,2,0.0431509,1.91486,0.0444628,,
Nb3Au,single,SC_Binary,integer,gap(Δ)→Debye,2,23.4783,0,12.2457,integer,12,0.0200629,12.2354,0.0192416,,
Nb3Au,single,SC_Binary,integer,Debye→electronic(E_F),1,23.4783,0,279.368,integer,280,0.00226215,279.251,0.00268197,,
Nb3Ge,single,SC_Binary,integer,thermal@Tc→gap(Δ),3,13.913,0,1.96772,integer,2,0.0164034,1.96626,0.0171605,,
Nb3Ge,single,SC_Binary,integer,gap(Δ)→Debye,2,13.913,0,7.07063,integer,7,0.00998955,7.06712,0.00949802,,
Nb3Ge,single,SC_Binary,integer,Debye→electronic(E_F),1,13.913,0,246.596,integer,245,0.00647217,246.535,0.00622559,,
Nb3Sb,single,SC_Binary,integer,thermal@Tc→gap(Δ),3,1475,0,1.74068,integer,2,0.148978,1.60331,0.247416,,
Nb3Sb,single,SC_Binary,integer,gap(Δ)→Debye,2,1475,0,847.371,integer,840,0.00869879,802.792,0.0463489,,
Nb3Sb,single,SC_Binary,integer,Debye→electronic(E_F),1,1475,0,247.825,integer,250,0.00877512,241.306,0.0360275,,
Nb3Sn,single,SC_Binary,integer,thermal@Tc→gap(Δ),3,13.8889,0,1.99856,integer,2,0.000722572,1.99707,0.00146673,,
Nb3Sn,single,SC_Binary,integer,gap(Δ)→Debye,2,13.8889,0,6.94946,integer,7,0.00727217,6.94602,0.0077714,,
Nb3Sn,single,SC_Binary,integer,Debye→electronic(E_F),1,13.8889,0,311.001,integer,315,0.0128582,310.924,0.0131091,,
NbN,single,SC_TypeII,integer,thermal@Tc→gap(Δ),3,22.4768,0,1.76762,integer,2,0.131463,1.7655,0.132825,,
NbN,single,SC_TypeII,integer,gap(Δ)→Debye,2,22.4768,0,12.7158,integer,12,0.0562937,12.7056,0.0555366,,
NbN,single,SC_TypeII,integer,Debye→electronic(E_F),1,22.4768,0,170.072,integer,168,0.0121815,170.004,0.0117854,,
NbSe2 (monolayer),single,SC_Binary,integer,thermal@Tc→gap(Δ),3,200,0,1.85672,integer,2,0.0771667,1.83686,0.0888172,,
NbSe2 (monolayer),single,SC_Binary,integer,gap(Δ)→Debye,2,200,0,107.717,integer,108,0.00263037,106.948,0.00983398,,
NbSe2 (monolayer),single,SC_Binary,integer,Debye→electronic(E_F),1,200,0,307.52,integer,315,0.0243245,306.423,0.0279911,,
NbTi,single,SC_Binary,integer,thermal@Tc→gap(Δ),3,29.3478,0,1.89204,integer,2,0.0570595,1.88907,0.0587219,,
NbTi,single,SC_Binary,integer,gap(Δ)→Debye,2,29.3478,0,15.5112,integer,16,0.0315127,15.495,0.0325936,,
NbTi,single,SC_Binary,integer,Debye→electronic(E_F),1,29.3478,0,249.282,integer,250,0.0028793,249.152,0.00340446,,
NbZr,single,SC_Binary,integer,thermal@Tc→gap(Δ),3,24.537,0,1.93409,integer,2,0.03408,1.93155,0.0354393,,
NbZr,single,SC_Binary,integer,gap(Δ)→Debye,2,24.537,0,12.6866,integer,12,0.0541223,12.6755,0.0532938,,
NbZr,single,SC_Binary,integer,Debye→electronic(E_F),1,24.537,0,249.607,integer,250,0.00157602,249.497,0.00201448,,
Nd1.85Ce0.15CuO4,single,SC_Oxide,mixed,thermal@Tc→gap(Δ),3,15.2273,0,1.84617,rational,1.875,0.0156143,1.84467,0.0164423,,
Nd1.85Ce0.15CuO4,single,SC_Oxide,mixed,gap(Δ)→Debye,2,15.2273,0,8.24802,rational,8.16667,0.00986325,8.24354,0.0093252,,
Nd1.85Ce0.15CuO4,single,SC_Oxide,mixed,Debye→electronic(E_F),1,15.2273,0,51.9605,rational,51.4286,0.0102377,51.9464,0.00996887,,
Nd2-xCexCuO4 (NCCO),single,SC_Oxide,mixed,thermal@Tc→gap(Δ),3,14.1667,0,1.78903,rational,1.8,0.00613188,1.78767,0.00689504,,
Nd2-xCexCuO4 (NCCO),single,SC_Oxide,mixed,gap(Δ)→Debye,2,14.1667,0,7.91863,rational,7.875,0.00550986,7.91463,0.00500711,,
Nd2-xCexCuO4 (NCCO),single,SC_Oxide,mixed,Debye→electronic(E_F),1,14.1667,0,51.1964,rational,51.2,7.02495e-05,51.1835,0.000322975,,
NdFeAsO0.9F0.1,single,SC_IronBased,mixed,thermal@Tc→gap(Δ),3,5.38462,0,1.78531,rational,1.8,0.00822799,1.7848,0.00851853,,
NdFeAsO0.9F0.1,single,SC_IronBased,mixed,gap(Δ)→Debye,2,5.38462,0,3.01607,integer,3,0.00532702,3.01549,0.00513595,,
NdFeAsO0.9F0.1,single,SC_IronBased,mixed,Debye→electronic(E_F),1,5.38462,0,8.28894,rational,8.33333,0.00535555,8.28815,0.0054521,,
NdH9,single,SC_HighPressure,mixed,thermal@Tc→gap(Δ),3,7.5,0,1.93409,rational,1.875,0.03055,1.93331,0.0301609,,
NdH9,single,SC_HighPressure,mixed,gap(Δ)→Debye,2,7.5,0,3.8778,rational,3.85714,0.00532702,3.87676,0.00506087,,
NdH9,single,SC_HighPressure,mixed,Debye→electronic(E_F),1,7.5,0,77.3635,rational,77.1429,0.00285144,77.3531,0.00271805,,
NiH4,single,SC_HighPressure,mixed,thermal@Tc→gap(Δ),3,16.8,0,1.85672,rational,1.875,0.00984374,1.85505,0.0107522,,
NiH4,single,SC_HighPressure,mixed,gap(Δ)→Debye,2,16.8,0,9.0482,integer,9,0.00532702,9.04278,0.00473064,,
NiH4,single,SC_HighPressure,mixed,Debye→electronic(E_F),1,16.8,0,116.045,rational,115.714,0.00285144,116.01,0.0025526,,
NiMo6S8,single,SC_Binary,mixed,thermal@Tc→gap(Δ),3,46.25,0,1.82771,rational,1.8,0.0151619,1.82319,0.012719,,
NiMo6S8,single,SC_Binary,mixed,gap(Δ)→Debye,2,46.25,0,25.3049,rational,25.2,0.00414416,25.2631,0.00249867,,
NiMo6S8,single,SC_Binary,mixed,Debye→electronic(E_F),1,46.25,0,357.545,rational,357.143,0.00112365,357.25,0.000299091,,
Os,single,SC_TypeII,integer,thermal@Tc→gap(Δ),3,757.576,0,1.84617,integer,2,0.0833219,1.77135,0.129085,,
Os,single,SC_TypeII,integer,gap(Δ)→Debye,2,757.576,0,410.349,integer,405,0.0130357,399.261,0.0143733,,
Os,single,SC_TypeII,integer,Debye→electronic(E_F),1,757.576,0,213.523,integer,216,0.0116,210.638,0.0254542,,
Pa,single,SC_TypeII,mixed,thermal@Tc→gap(Δ),3,203.571,0,1.82357,rational,1.8,0.0129236,1.80371,0.00205475,,
Pa,single,SC_TypeII,mixed,gap(Δ)→Debye,2,203.571,0,111.634,integer,112,0.00328185,110.823,0.0106198,,
Pa,single,SC_TypeII,mixed,Debye→electronic(E_F),1,203.571,0,329.813,rational,329.143,0.00203074,328.615,0.00160551,,
Pb,single,SC_TypeI,integer,thermal@Tc→gap(Δ),3,14.5833,0,2.17585,integer,2,0.0808178,2.17415,0.0801001,,
Pb,single,SC_TypeI,integer,gap(Δ)→Debye,2,14.5833,0,6.70237,integer,7,0.0444066,6.69888,0.0449502,,
Pb,single,SC_TypeI,integer,Debye→electronic(E_F),1,14.5833,0,1046.62,integer,1050,0.0032323,1046.34,0.00349329,,
PbMo6S8,single,SC_Binary,mixed,thermal@Tc→gap(Δ),3,14.2857,0,1.82357,rational,1.8,0.0129236,1.82217,0.0121686,,
PbMo6S8,single,SC_Binary,mixed,gap(Δ)→Debye,2,14.2857,0,7.83394,rational,7.875,0.00524138,7.82995,0.00575385,,
PbMo6S8,single,SC_Binary,mixed,Debye→electronic(E_F),1,14.2857,0,348.136,rational,347.143,0.00285144,348.047,0.00259733,,
PbMo6Se8,single,SC_Binary,mixed,thermal@Tc→gap(Δ),3,50,0,1.83738,rational,1.8,0.0203453,1.83247,0.0177176,,
PbMo6Se8,single,SC_Binary,mixed,gap(Δ)→Debye,2,50,0,27.2126,integer,27,0.0078137,27.1641,0.00604111,,
PbMo6Se8,single,SC_Binary,mixed,Debye→electronic(E_F),1,50,0,380.37,integer,378,0.0062316,380.031,0.00534468,,
Pr2-xCexCuO4 (PCCO),single,SC_Oxide,mixed,thermal@Tc→gap(Δ),3,14.1667,0,1.78903,rational,1.8,0.00613188,1.78767,0.00689504,,
Pr2-xCexCuO4 (PCCO),single,SC_Oxide,mixed,gap(Δ)→Debye,2,14.1667,0,7.91863,rational,7.875,0.00550986,7.91463,0.00500711,,
Pr2-xCexCuO4 (PCCO),single,SC_Oxide,mixed,Debye→electronic(E_F),1,14.1667,0,51.1964,rational,51.2,7.02495e-05,51.1835,0.000322975,,
PrFeAsO0.9F0.1,single,SC_IronBased,mixed,thermal@Tc→gap(Δ),3,5.38462,0,1.78531,rational,1.8,0.00822799,1.7848,0.00851853,,
PrFeAsO0.9F0.1,single,SC_IronBased,mixed,gap(Δ)→Debye,2,5.38462,0,3.01607,integer,3,0.00532702,3.01549,0.00513595,,
PrFeAsO0.9F0.1,single,SC_IronBased,mixed,Debye→electronic(E_F),1,5.38462,0,8.28894,rational,8.33333,0.00535555,8.28815,0.0054521,,
PrH10,single,SC_HighPressure,mixed,thermal@Tc→gap(Δ),3,6.88889,0,1.89111,rational,1.875,0.00851705,1.89041,0.0081515,,
PrH10,single,SC_HighPressure,mixed,gap(Δ)→Debye,2,6.88889,0,3.64278,rational,3.6,0.0117443,3.64189,0.0115014,,
PrH10,single,SC_HighPressure,mixed,Debye→electronic(E_F),1,6.88889,0,76.1157,rational,75.6,0.00677464,76.1063,0.00665261,,
PrH9,single,SC_HighPressure,mixed,thermal@Tc→gap(Δ),3,8.05556,0,1.93409,rational,1.875,0.03055,1.93325,0.030132,,
PrH9,single,SC_HighPressure,mixed,gap(Δ)→Debye,2,8.05556,0,4.16504,rational,4.16667,0.000389493,4.16385,0.000677008,,
PrH9,single,SC_HighPressure,mixed,Debye→electronic(E_F),1,8.05556,0,76.0296,rational,75.6,0.00565045,76.0187,0.00550758,,
Rb3C60,single,SC_Molecular,rational,thermal@Tc→gap(Δ),3,3.92857,0,1.74068,rational,1.75,0.00535555,1.74031,0.0055669,,
Rb3C60,single,SC_Molecular,rational,gap(Δ)→Debye,2,3.92857,0,2.25692,rational,2.25,0.0030664,2.2566,0.00292669,,
Rb3C60,single,SC_Molecular,rational,Debye→electronic(E_F),1,3.92857,0,369.235,rational,370.286,0.00284655,369.209,0.00291682,,
RbC8,single,SC_Binary,rational,thermal@Tc→gap(Δ),3,3800,0,1.85672,rational,1.875,0.00984374,1.47924,0.267539,,
RbC8,single,SC_Binary,rational,gap(Δ)→Debye,2,3800,0,2046.62,rational,2048,0.000675921,1769.23,0.157568,,
RbC8,single,SC_Binary,rational,Debye→electronic(E_F),1,3800,0,427.535,rational,426.667,0.00203074,398.562,0.0705159,,
Re,single,SC_TypeII,integer,thermal@Tc→gap(Δ),3,244.706,0,1.91133,integer,2,0.0463905,1.88631,0.0602715,,
Re,single,SC_TypeII,integer,gap(Δ)→Debye,2,244.706,0,128.029,integer,128,0.000226131,126.912,0.00857673,,
Re,single,SC_TypeII,integer,Debye→electronic(E_F),1,244.706,0,312.429,integer,315,0.00822799,311.066,0.0126472,,
Rh,single,SC_TypeII,integer,thermal@Tc→gap(Δ),3,1.47692e+06,0,1.78531,integer,2,0.120253,0.357062,4.60127,,
Rh,single,SC_TypeII,integer,gap(Δ)→Debye,2,1.47692e+06,0,827264,integer,826875,0.000470216,165453,3.99765,,
Rh,single,SC_TypeII,integer,Debye→electronic(E_F),1,1.47692e+06,0,198.244,integer,200,0.00885853,39.6488,4.04429,,
Ru,single,SC_TypeII,integer,thermal@Tc→gap(Δ),3,1224.49,0,1.84725,integer,2,0.0826906,1.72623,0.158592,,
Ru,single,SC_TypeII,integer,gap(Δ)→Debye,2,1224.49,0,662.872,integer,672,0.0137707,633.921,0.0600684,,
Ru,single,SC_TypeII,integer,Debye→electronic(E_F),1,1224.49,0,158.595,integer,160,0.00885853,155.132,0.0313809,,
RuO2,single,SC_Binary,mixed,thermal@Tc→gap(Δ),3,562.5,0,1.88573,rational,1.875,0.00569232,1.82898,0.0251591,,
RuO2,single,SC_Binary,mixed,gap(Δ)→Debye,2,562.5,0,298.292,rational,298.667,0.00125502,292.308,0.0217543,,
RuO2,single,SC_Binary,mixed,Debye→electronic(E_F),1,562.5,0,167.621,integer,168,0.00226215,165.939,0.0124181,,
ScH12,single,SC_HighPressure,integer,thermal@Tc→gap(Δ),3,6,0,1.92303,integer,2,0.040023,1.92242,0.0403569,,
ScH12,single,SC_HighPressure,integer,gap(Δ)→Debye,2,6,0,3.12007,integer,3,0.0384828,3.1194,0.038277,,
ScH12,single,SC_HighPressure,integer,Debye→electronic(E_F),1,6,0,75.1531,integer,75,0.00203677,75.145,0.00192998,,
ScH3,single,SC_HighPressure,integer,thermal@Tc→gap(Δ),3,38.9189,0,1.81909,integer,2,0.0994529,1.8153,0.101747,,
ScH3,single,SC_HighPressure,integer,gap(Δ)→Debye,2,38.9189,0,21.3948,integer,21,0.0184512,21.3651,0.0170868,,
ScH3,single,SC_HighPressure,integer,Debye→electronic(E_F),1,38.9189,0,88.6456,integer,90,0.0152785,88.5841,0.0159837,,
ScH6,single,SC_HighPressure,integer,thermal@Tc→gap(Δ),3,9.65909,0,1.84617,integer,2,0.0833219,1.84522,0.083882,,
ScH6,single,SC_HighPressure,integer,gap(Δ)→Debye,2,9.65909,0,5.23195,integer,5,0.0443338,5.23015,0.0440044,,
ScH6,single,SC_HighPressure,integer,Debye→electronic(E_F),1,9.65909,0,81.9142,integer,81,0.011161,81.9001,0.0109906,,
ScZrH12,single,SC_HighPressure,mixed,thermal@Tc→gap(Δ),3,5.98765,0,1.93409,rational,1.875,0.03055,1.93347,0.0302393,,
ScZrH12,single,SC_HighPressure,mixed,gap(Δ)→Debye,2,5.98765,0,3.09586,rational,3.125,0.00941363,3.0952,0.00962925,,
ScZrH12,single,SC_HighPressure,mixed,Debye→electronic(E_F),1,5.98765,0,74.1732,rational,74.6667,0.00665278,74.1653,0.00676028,,
SeH2,single,SC_HighPressure,mixed,thermal@Tc→gap(Δ),3,6.87023,0,1.90456,rational,1.875,0.0155198,1.90386,0.0151578,,
SeH2,single,SC_HighPressure,mixed,gap(Δ)→Debye,2,6.87023,0,3.60726,rational,3.6,0.00201144,3.60637,0.00176683,,
SeH2,single,SC_HighPressure,mixed,Debye→electronic(E_F),1,6.87023,0,74.7847,rational,74.6667,0.00157794,74.7755,0.0014556,,
SH3 (Cmca),single,SC_HighPressure,rational,thermal@Tc→gap(Δ),3,4.87603,0,1.96605,rational,2,0.0172657,1.96554,0.0175311,,
SH3 (Cmca),single,SC_HighPressure,rational,gap(Δ)→Debye,2,4.87603,0,2.48011,rational,2.5,0.00801958,2.47968,0.00819492,,
SH3 (Cmca),single,SC_HighPressure,rational,Debye→electronic(E_F),1,4.87603,0,71.7907,rational,72,0.00291594,71.7844,0.00300316,,
Si2H6,single,SC_HighPressure,mixed,thermal@Tc→gap(Δ),3,8.09524,0,1.87883,rational,1.875,0.00203677,1.87801,0.00160436,,
Si2H6,single,SC_HighPressure,mixed,gap(Δ)→Debye,2,8.09524,0,4.30867,rational,4.28571,0.00532702,4.30742,0.00503974,,
Si2H6,single,SC_HighPressure,mixed,Debye→electronic(E_F),1,8.09524,0,79.1838,rational,78.75,0.00547803,79.1723,0.00533443,,
SmFeAsO0.9F0.1,single,SC_IronBased,mixed,thermal@Tc→gap(Δ),3,6.51163,0,1.88911,rational,1.875,0.00746787,1.88845,0.00712197,,
SmFeAsO0.9F0.1,single,SC_IronBased,mixed,gap(Δ)→Debye,2,6.51163,0,3.44693,rational,3.42857,0.00532702,3.44613,0.00509595,,
SmFeAsO0.9F0.1,single,SC_IronBased,mixed,Debye→electronic(E_F),1,6.51163,0,8.28894,rational,8.33333,0.00535555,8.28798,0.00547231,,
SmH9,single,SC_HighPressure,mixed,thermal@Tc→gap(Δ),3,8,0,1.89892,rational,1.875,0.0125972,1.89811,0.0121744,,
SmH9,single,SC_HighPressure,mixed,gap(Δ)→Debye,2,8,0,4.21292,rational,4.2,0.0030664,4.21172,0.00278185,,
SmH9,single,SC_HighPressure,mixed,Debye→electronic(E_F),1,8,0,77.803,rational,78.125,0.00413841,77.7919,0.00428169,,
Sn,single,SC_TypeI,integer,thermal@Tc→gap(Δ),3,53.7634,0,1.77811,integer,2,0.124789,1.773,0.128033,,
Sn,single,SC_TypeI,integer,gap(Δ)→Debye,2,53.7634,0,30.2363,integer,30,0.0078137,30.1783,0.00590743,,
Sn,single,SC_TypeI,integer,Debye→electronic(E_F),1,53.7634,0,591.83,integer,588,0.00647217,591.263,0.00551866,,
SnMo6S8,single,SC_Binary,mixed,thermal@Tc→gap(Δ),3,15.8333,0,1.83738,rational,1.8,0.0203453,1.83583,0.0195147,,
SnMo6S8,single,SC_Binary,mixed,gap(Δ)→Debye,2,15.8333,0,8.61733,rational,8.57143,0.00532702,8.61247,0.00476498,,
SnMo6S8,single,SC_Binary,mixed,Debye→electronic(E_F),1,15.8333,0,360.351,integer,360,0.000973568,360.249,0.000691397,,
SrAlSi,single,SC_Binary,mixed,thermal@Tc→gap(Δ),3,58.8235,0,1.84307,rational,1.875,0.0173241,1.83727,0.0205358,,
SrAlSi,single,SC_Binary,mixed,gap(Δ)→Debye,2,58.8235,0,31.916,integer,32,0.00263037,31.8491,0.00473838,,
SrAlSi,single,SC_Binary,mixed,Debye→electronic(E_F),1,58.8235,0,146.991,integer,147,6.42023e-05,146.836,0.00111441,,
SrC6,single,SC_Binary,integer,thermal@Tc→gap(Δ),3,187.879,0,1.82859,integer,2,0.0937385,1.81021,0.104844,,
SrC6,single,SC_Binary,integer,gap(Δ)→Debye,2,187.879,0,102.745,integer,105,0.0219463,102.057,0.0288407,,
SrC6,single,SC_Binary,integer,Debye→electronic(E_F),1,187.879,0,145.992,integer,147,0.00690225,145.503,0.0102873,,
SrH10,single,SC_HighPressure,mixed,thermal@Tc→gap(Δ),3,4.40154,0,1.97142,integer,2,0.0144951,1.97096,0.0147341,,
SrH10,single,SC_HighPressure,mixed,gap(Δ)→Debye,2,4.40154,0,2.23267,rational,2.25,0.00776078,2.23232,0.00791902,,
SrH10,single,SC_HighPressure,mixed,Debye→electronic(E_F),1,4.40154,0,72.2738,integer,72,0.00378773,72.2681,0.00370952,,
SrH22,single,SC_HighPressure,mixed,thermal@Tc→gap(Δ),3,8.7619,0,1.87883,rational,1.875,0.00203677,1.87795,0.00156874,,
SrH22,single,SC_HighPressure,mixed,gap(Δ)→Debye,2,8.7619,0,4.6635,rational,4.66667,0.000679461,4.66204,0.000992285,,
SrH22,single,SC_HighPressure,mixed,Debye→electronic(E_F),1,8.7619,0,78.2044,rational,78.125,0.00101479,78.1921,0.000858671,,
SrH6,single,SC_HighPressure,integer,thermal@Tc→gap(Δ),3,9.17647,0,1.84307,integer,2,0.0851457,1.84217,0.0856787,,
SrH6,single,SC_HighPressure,integer,gap(Δ)→Debye,2,9.17647,0,4.9789,integer,5,0.00423715,4.97727,0.00456594,,
SrH6,single,SC_HighPressure,integer,Debye→electronic(E_F),1,9.17647,0,84.8022,integer,84,0.00946022,84.7884,0.00929809,,
SrTiO3-doped,single,SC_Oxide,mixed,thermal@Tc→gap(Δ),3,1142.86,0,1.65779,rational,1.66667,0.00535555,1.55642,0.0708304,,
SrTiO3-doped,single,SC_Oxide,mixed,gap(Δ)→Debye,2,1142.86,0,689.387,rational,691.2,0.00263037,661.285,0.045237,,
SrTiO3-doped,single,SC_Oxide,mixed,Debye→electronic(E_F),1,1142.86,0,130.551,rational,130.667,0.0008873,127.89,0.0217111,,
Ta,single,SC_TypeII,integer,thermal@Tc→gap(Δ),3,54.8098,0,1.81726,integer,2,0.100557,1.81193,0.103793,,
Ta,single,SC_TypeII,integer,gap(Δ)→Debye,2,54.8098,0,30.1607,integer,30,0.00532702,30.1017,0.0033787,,
Ta,single,SC_TypeII,integer,Debye→electronic(E_F),1,54.8098,0,331.558,integer,336,0.0133984,331.234,0.0143899,,
TaC,single,SC_Binary,integer,thermal@Tc→gap(Δ),3,52.657,0,1.85,integer,2,0.0810836,1.84478,0.0841379,,
TaC,single,SC_Binary,integer,gap(Δ)→Debye,2,52.657,0,28.4633,integer,28,0.0162775,28.4099,0.0144265,,
TaC,single,SC_Binary,integer,Debye→electronic(E_F),1,52.657,0,134.144,integer,135,0.00638142,134.018,0.00732737,,
TaH6,single,SC_HighPressure,mixed,thermal@Tc→gap(Δ),3,8.36735,0,1.89462,rational,1.875,0.0103531,1.89377,0.00990991,,
TaH6,single,SC_HighPressure,mixed,gap(Δ)→Debye,2,8.36735,0,4.41638,rational,4.375,0.0093704,4.41507,0.00907467,,
TaH6,single,SC_HighPressure,mixed,Debye→electronic(E_F),1,8.36735,0,83.4959,rational,83.3333,0.00194728,83.4835,0.00179833,,
TbH9,single,SC_HighPressure,mixed,thermal@Tc→gap(Δ),3,8.94737,0,1.83229,rational,1.8,0.017624,1.83142,0.0171535,,
TbH9,single,SC_HighPressure,mixed,gap(Δ)→Debye,2,8.94737,0,4.88316,rational,4.8,0.0170291,4.8816,0.0167153,,
TbH9,single,SC_HighPressure,mixed,Debye→electronic(E_F),1,8.94737,0,77.8185,rational,78.125,0.00393822,77.8061,0.00409844,,
Tc,single,SC_TypeII,integer,thermal@Tc→gap(Δ),3,32.3077,0,1.8597,integer,2,0.0754432,1.85648,0.0773053,,
Tc,single,SC_TypeII,integer,gap(Δ)→Debye,2,32.3077,0,17.3725,integer,18,0.0361177,17.3525,0.037313,,
Tc,single,SC_TypeII,integer,Debye→electronic(E_F),1,32.3077,0,290.113,integer,288,0.00728321,289.946,0.00671091,,
Th,single,SC_TypeII,integer,thermal@Tc→gap(Δ),3,116.429,0,1.82357,integer,2,0.0967515,1.81221,0.103626,,
Th,single,SC_TypeII,integer,gap(Δ)→Debye,2,116.429,0,63.8466,integer,64,0.00240255,63.5815,0.00658258,,
Th,single,SC_TypeII,integer,Debye→electronic(E_F),1,116.429,0,533.95,integer,540,0.0113302,532.842,0.0134345,,
Th4H15,single,SC_HighPressure,mixed,thermal@Tc→gap(Δ),3,8.67347,0,1.89462,rational,1.875,0.0103531,1.89374,0.00989369,,
Th4H15,single,SC_HighPressure,mixed,gap(Δ)→Debye,2,8.67347,0,4.57796,rational,4.57143,0.00142634,4.57654,0.00111733,,
Th4H15,single,SC_HighPressure,mixed,Debye→electronic(E_F),1,8.67347,0,75.0881,integer,75,0.00117274,75.0764,0.00101821,,
ThC2,single,SC_Binary,mixed,thermal@Tc→gap(Δ),3,58.4615,0,1.83887,rational,1.875,0.019648,1.83312,0.0228473,,
ThC2,single,SC_Binary,mixed,gap(Δ)→Debye,2,58.4615,0,31.7921,integer,32,0.00653926,31.7258,0.00864244,,
ThC2,single,SC_Binary,mixed,Debye→electronic(E_F),1,58.4615,0,177.122,rational,176.4,0.00407399,176.937,0.00303458,,
ThH10,single,SC_HighPressure,integer,thermal@Tc→gap(Δ),3,5.90062,0,1.9461,integer,2,0.0276968,1.94548,0.0280213,,
ThH10,single,SC_HighPressure,integer,gap(Δ)→Debye,2,5.90062,0,3.03202,integer,3,0.0105621,3.03139,0.0103539,,
ThH10,single,SC_HighPressure,integer,Debye→electronic(E_F),1,5.90062,0,79.3993,integer,80,0.00756512,79.391,0.00767116,,
ThH9,single,SC_HighPressure,mixed,thermal@Tc→gap(Δ),3,6.30137,0,1.90759,rational,1.875,0.0170854,1.90695,0.0167539,,
ThH9,single,SC_HighPressure,mixed,gap(Δ)→Debye,2,6.30137,0,3.30331,rational,3.33333,0.00908853,3.30257,0.00931538,,
ThH9,single,SC_HighPressure,mixed,Debye→electronic(E_F),1,6.30137,0,75.6816,rational,75.6,0.00107873,75.6731,0.00096646,,
Ti,single,SC_TypeII,integer,thermal@Tc→gap(Δ),3,1050,0,1.74068,integer,2,0.148978,1.64289,0.217364,,
Ti,single,SC_TypeII,integer,gap(Δ)→Debye,2,1050,0,603.213,integer,600,0.00532702,580.623,0.0333735,,
Ti,single,SC_TypeII,integer,Debye→electronic(E_F),1,1050,0,245.905,integer,245,0.00368136,241.301,0.0153311,,
TiH10,single,SC_HighPressure,integer,thermal@Tc→gap(Δ),3,5.26316,0,1.95445,integer,2,0.0233083,1.95389,0.0235966,,
TiH10,single,SC_HighPressure,integer,gap(Δ)→Debye,2,5.26316,0,2.69292,integer,3,0.114034,2.69241,0.114243,,
TiH10,single,SC_HighPressure,integer,Debye→electronic(E_F),1,5.26316,0,74.2689,integer,75,0.00984374,74.2619,0.00993854,,
TiN,single,SC_Binary,integer,thermal@Tc→gap(Δ),3,125,0,1.94153,integer,2,0.030118,1.92854,0.0370534,,
TiN,single,SC_Binary,integer,gap(Δ)→Debye,2,125,0,64.3824,integer,64,0.00593912,64.0953,0.00148734,,
TiN,single,SC_Binary,integer,Debye→electronic(E_F),1,125,0,103.548,integer,105,0.0140224,103.317,0.0162879,,
Tl,single,SC_TypeI,integer,thermal@Tc→gap(Δ),3,40.1674,0,1.74796,integer,2,0.14419,1.7442,0.146655,,
Tl,single,SC_TypeI,integer,gap(Δ)→Debye,2,40.1674,0,22.9796,integer,24,0.0444066,22.9466,0.0459051,,
Tl,single,SC_TypeI,integer,Debye→electronic(E_F),1,40.1674,0,1063.75,integer,1050,0.0129236,1062.99,0.0122161,,
Tl2Ba2Ca2Cu3O10 (Tl-2223),single,SC_Oxide,mixed,thermal@Tc→gap(Δ),3,3.36,0,2.50658,rational,2.5,0.00262347,2.50613,0.00244414,,
Tl2Ba2Ca2Cu3O10 (Tl-2223),single,SC_Oxide,mixed,gap(Δ)→Debye,2,3.36,0,1.34047,rational,1.33333,0.00532702,1.34031,0.0052078,,
Tl2Ba2Ca2Cu3O10 (Tl-2223),single,SC_Oxide,mixed,Debye→electronic(E_F),1,3.36,0,41.4447,rational,41.6667,0.00535555,41.4422,0.00541579,,
U (alpha),single,SC_TypeII,mixed,thermal@Tc→gap(Δ),3,1035,0,1.74068,rational,1.75,0.00535555,1.64429,0.064289,,
U (alpha),single,SC_TypeII,mixed,gap(Δ)→Debye,2,1035,0,594.596,rational,597.333,0.00460369,572.646,0.0431108,,
U (alpha),single,SC_TypeII,mixed,Debye→electronic(E_F),1,1035,0,470.908,rational,470.4,0.00107873,462.216,0.0177059,,
UBe13,single,SC_HeavyFermion,rational,thermal@Tc→gap(Δ),3,411.765,0,1.77481,rational,1.75,0.0139782,1.73571,0.00823297,,
UBe13,single,SC_HeavyFermion,rational,gap(Δ)→Debye,2,411.765,0,232.005,rational,231.429,0.0024851,228.598,0.0123833,,
UBe13,single,SC_HeavyFermion,rational,Debye→electronic(E_F),1,411.765,0,0.331558,rational,0.333333,0.00535555,0.329123,0.0127928,,
UH7,single,SC_HighPressure,mixed,thermal@Tc→gap(Δ),3,12.6316,0,1.83229,rational,1.8,0.017624,1.83105,0.0169597,,
UH7,single,SC_HighPressure,mixed,gap(Δ)→Debye,2,12.6316,0,6.89387,rational,6.85714,0.00532702,6.89076,0.00487868,,
UH7,single,SC_HighPressure,mixed,Debye→electronic(E_F),1,12.6316,0,101.54,rational,101.25,0.00285144,101.517,0.00262676,,
UPd2Al3,single,SC_HeavyFermion,rational,thermal@Tc→gap(Δ),3,150,0,1.85672,rational,1.875,0.00984374,1.84182,0.0180134,,
UPd2Al3,single,SC_HeavyFermion,rational,gap(Δ)→Debye,2,150,0,80.7875,rational,81,0.00263037,80.3553,0.00802339,,
UPd2Al3,single,SC_HeavyFermion,rational,Debye→electronic(E_F),1,150,0,0.386817,rational,0.375,0.03055,0.385783,0.0279497,,
UPt3,single,SC_HeavyFermion,rational,thermal@Tc→gap(Δ),3,420,0,1.85672,rational,1.875,0.00984374,1.815,0.033057,,
UPt3,single,SC_HeavyFermion,rational,gap(Δ)→Debye,2,420,0,226.205,rational,226.8,0.00263037,222.816,0.0178785,,
UPt3,single,SC_HeavyFermion,rational,Debye→electronic(E_F),1,420,0,0.552596,rational,0.571429,0.03408,0.548457,0.0418838,,
URu2Si2,single,SC_HeavyFermion,rational,thermal@Tc→gap(Δ),3,230.769,0,1.78531,rational,1.8,0.00822799,1.76327,0.0208316,,
URu2Si2,single,SC_HeavyFermion,rational,gap(Δ)→Debye,2,230.769,0,129.26,rational,129.6,0.00263037,128.196,0.0109514,,
URu2Si2,single,SC_HeavyFermion,rational,Debye→electronic(E_F),1,230.769,0,0.386817,rational,0.375,0.03055,0.385225,0.0265438,,
V,single,SC_TypeII,integer,thermal@Tc→gap(Δ),3,70.3704,0,1.82664,integer,2,0.0949082,1.81976,0.099046,,
V,single,SC_TypeII,integer,gap(Δ)→Debye,2,70.3704,0,38.5245,integer,40,0.038299,38.4279,0.0409116,,
V,single,SC_TypeII,integer,Debye→electronic(E_F),1,70.3704,0,161.852,integer,162,0.000911388,161.649,0.00216907,,
V3Ga,single,SC_Binary,integer,thermal@Tc→gap(Δ),3,20.6061,0,1.82859,integer,2,0.0937385,1.82657,0.0949456,,
V3Ga,single,SC_Binary,integer,gap(Δ)→Debye,2,20.6061,0,11.2688,integer,12,0.0648852,11.2605,0.0656684,,
V3Ga,single,SC_Binary,integer,Debye→electronic(E_F),1,20.6061,0,218.438,integer,216,0.011161,218.358,0.0107975,,
V3Si,single,SC_Binary,integer,thermal@Tc→gap(Δ),3,20.4678,0,1.69657,integer,2,0.178851,1.69471,0.180144,,
V3Si,single,SC_Binary,integer,gap(Δ)→Debye,2,20.4678,0,12.0643,integer,12,0.00532702,12.0555,0.00460034,,
V3Si,single,SC_Binary,integer,Debye→electronic(E_F),1,20.4678,0,215.512,integer,216,0.00226215,215.434,0.00262812,,
VH8,single,SC_HighPressure,mixed,thermal@Tc→gap(Δ),3,6.81481,0,1.89111,rational,1.875,0.00851705,1.89042,0.00815543,,
VH8,single,SC_HighPressure,mixed,gap(Δ)→Debye,2,6.81481,0,3.60361,rational,3.6,0.00100235,3.60274,0.000759471,,
VH8,single,SC_HighPressure,mixed,Debye→electronic(E_F),1,6.81481,0,78.2044,rational,78.125,0.00101479,78.1949,0.000893369,,
WC,single,SC_Binary,integer,thermal@Tc→gap(Δ),3,57.5,0,1.85672,integer,2,0.0771667,1.85101,0.0804906,,
WC,single,SC_Binary,integer,gap(Δ)→Debye,2,57.5,0,30.9685,integer,30,0.031275,30.905,0.0292842,,
WC,single,SC_Binary,integer,Debye→electronic(E_F),1,57.5,0,123.109,integer,125,0.015362,122.983,0.0164043,,
WRe,single,SC_Binary,mixed,thermal@Tc→gap(Δ),3,71.6667,0,1.83738,rational,1.8,0.0203453,1.83034,0.0165746,,
WRe,single,SC_Binary,mixed,gap(Δ)→Debye,2,71.6667,0,39.0048,rational,39.2,0.00500524,38.9051,0.00758078,,
WRe,single,SC_Binary,mixed,Debye→electronic(E_F),1,71.6667,0,194.308,rational,194.4,0.000472392,194.06,0.00175271,,
Y3LuH24,single,SC_HighPressure,mixed,thermal@Tc→gap(Δ),3,4.0636,0,1.96826,integer,2,0.0161272,1.96783,0.0163482,,
Y3LuH24,single,SC_HighPressure,mixed,gap(Δ)→Debye,2,4.0636,0,2.06457,integer,2,0.031275,2.06427,0.0311346,,
Y3LuH24,single,SC_HighPressure,mixed,Debye→electronic(E_F),1,4.0636,0,72.6544,rational,73.1429,0.00672338,72.6491,0.00679634,,
YB6,single,SC_Binary,integer,thermal@Tc→gap(Δ),3,136.905,0,1.83738,integer,2,0.0885053,1.82392,0.0965369,,
YB6,single,SC_Binary,integer,gap(Δ)→Debye,2,136.905,0,74.5108,integer,75,0.00656581,74.1469,0.011505,,
YB6,single,SC_Binary,integer,Debye→electronic(E_F),1,136.905,0,65.5908,integer,64,0.0242527,65.4306,0.0218646,,
YBa2Cu3O7 (YBCO),single,SC_Oxide,mixed,thermal@Tc→gap(Δ),3,4.56522,0,2.52272,rational,2.5,0.00900667,2.52211,0.00876457,,
YBa2Cu3O7 (YBCO),single,SC_Oxide,mixed,gap(Δ)→Debye,2,4.56522,0,1.80964,rational,1.8,0.00532702,1.80935,0.00516503,,
YBa2Cu3O7 (YBCO),single,SC_Oxide,mixed,Debye→electronic(E_F),1,4.56522,0,41.4447,rational,41.6667,0.00535555,41.4413,0.0054374,,
YbC6,single,SC_Binary,integer,thermal@Tc→gap(Δ),3,49.2308,0,1.83887,integer,2,0.0876246,1.83403,0.0904968,,
YbC6,single,SC_Binary,integer,gap(Δ)→Debye,2,49.2308,0,26.7723,integer,27,0.00850515,26.7253,0.0102791,,
YbC6,single,SC_Binary,integer,Debye→electronic(E_F),1,49.2308,0,141.43,integer,140,0.0101115,141.306,0.00924161,,
YC2,single,SC_Binary,mixed,thermal@Tc→gap(Δ),3,127.273,0,1.82859,rational,1.8,0.0156354,1.81614,0.00888669,,
YC2,single,SC_Binary,mixed,gap(Δ)→Debye,2,127.273,0,69.6015,rational,69.4286,0.0024851,69.2856,0.00206375,,
YC2,single,SC_Binary,mixed,Debye→electronic(E_F),1,127.273,0,143.675,integer,144,0.00226215,143.349,0.00454219,,
YCaH18,single,SC_HighPressure,mixed,thermal@Tc→gap(Δ),3,5.3125,0,1.93409,rational,1.875,0.03055,1.93354,0.0302744,,
YCaH18,single,SC_HighPressure,mixed,gap(Δ)→Debye,2,5.3125,0,2.74677,rational,2.8,0.0193773,2.74625,0.0195705,,
YCaH18,single,SC_HighPressure,mixed,Debye→electronic(E_F),1,5.3125,0,76.2258,rational,76.8,0.00753346,76.2185,0.00762892,,
YH10,single,SC_HighPressure,integer,thermal@Tc→gap(Δ),3,3.77049,0,1.90238,integer,2,0.0513147,1.902,0.0515268,,
YH10,single,SC_HighPressure,integer,gap(Δ)→Debye,2,3.77049,0,1.98199,integer,2,0.00908853,1.98172,0.00922426,,
YH10,single,SC_HighPressure,integer,Debye→electronic(E_F),1,3.77049,0,70.6362,integer,70,0.00900667,70.6314,0.00894003,,
YH4,single,SC_HighPressure,integer,thermal@Tc→gap(Δ),3,9.09091,0,1.84617,integer,2,0.0833219,1.84528,0.0838491,,
YH4,single,SC_HighPressure,integer,gap(Δ)→Debye,2,9.09091,0,4.92419,integer,5,0.0153953,4.92259,0.0157247,,
YH4,single,SC_HighPressure,integer,Debye→electronic(E_F),1,9.09091,0,79.7811,integer,80,0.00274423,79.7681,0.00290683,,
YH6,single,SC_HighPressure,integer,thermal@Tc→gap(Δ),3,4.6875,0,1.96862,integer,2,0.0159382,1.96813,0.0161931,,
YH6,single,SC_HighPressure,integer,gap(Δ)→Debye,2,4.6875,0,2.38111,integer,2,0.160054,2.38071,0.159913,,
YH6,single,SC_HighPressure,integer,Debye→electronic(E_F),1,4.6875,0,66.3115,integer,64,0.0348587,66.306,0.034778,,
YH9,single,SC_HighPressure,integer,thermal@Tc→gap(Δ),3,4.52675,0,1.95796,integer,2,0.0214693,1.95749,0.0217167,,
YH9,single,SC_HighPressure,integer,gap(Δ)→Debye,2,4.52675,0,2.31197,integer,2,0.134936,2.31159,0.134796,,
YH9,single,SC_HighPressure,integer,Debye→electronic(E_F),1,4.52675,0,68.5722,integer,70,0.0208226,68.5666,0.020905,,
YHfH12,single,SC_HighPressure,mixed,thermal@Tc→gap(Δ),3,5.89286,0,1.93409,rational,1.875,0.03055,1.93348,0.0302443,,
YHfH12,single,SC_HighPressure,mixed,gap(Δ)→Debye,2,5.89286,0,3.04684,integer,3,0.0153742,3.0462,0.0151672,,
YHfH12,single,SC_HighPressure,mixed,Debye→electronic(E_F),1,5.89286,0,75.0191,integer,75,0.000254696,75.0112,0.00014962,,
YLu3H24,single,SC_HighPressure,mixed,thermal@Tc→gap(Δ),3,4.02778,0,1.97438,integer,2,0.0129763,1.97395,0.0131947,,
YLu3H24,single,SC_HighPressure,mixed,gap(Δ)→Debye,2,4.02778,0,2.04002,integer,2,0.0196183,2.03973,0.0194774,,
YLu3H24,single,SC_HighPressure,mixed,Debye→electronic(E_F),1,4.02778,0,73.0284,rational,73.1429,0.00156684,73.0232,0.00163879,,
YLuH12,single,SC_HighPressure,mixed,thermal@Tc→gap(Δ),3,4.10909,0,1.98332,integer,2,0.00841134,1.98288,0.00863308,,
YLuH12,single,SC_HighPressure,mixed,gap(Δ)→Debye,2,4.10909,0,2.07183,rational,2.14286,0.0342839,2.07152,0.0344355,,
YLuH12,single,SC_HighPressure,mixed,Debye→electronic(E_F),1,4.10909,0,71.8864,integer,72,0.00158033,71.8811,0.00165374,,
YThH12,single,SC_HighPressure,mixed,thermal@Tc→gap(Δ),3,5.77143,0,1.98935,integer,2,0.00535555,1.98873,0.00566607,,
YThH12,single,SC_HighPressure,mixed,gap(Δ)→Debye,2,5.77143,0,2.90117,rational,2.85714,0.0151753,2.90057,0.0149725,,
YThH12,single,SC_HighPressure,mixed,Debye→electronic(E_F),1,5.77143,0,74.6825,rational,74.6667,0.000212576,74.6749,0.000109661,,
Zn,single,SC_TypeI,integer,thermal@Tc→gap(Δ),3,384.706,0,1.77481,integer,2,0.126882,1.73828,0.150563,,
Zn,single,SC_TypeI,integer,gap(Δ)→Debye,2,384.706,0,216.759,integer,216,0.00350193,213.785,0.0103617,,
Zn,single,SC_TypeI,integer,Debye→electronic(E_F),1,384.706,0,336.07,integer,336,0.000207349,333.764,0.00669933,,
ZnH6,single,SC_HighPressure,mixed,thermal@Tc→gap(Δ),3,20.4545,0,1.84617,rational,1.875,0.0156143,1.84415,0.0167269,,
ZnH6,single,SC_HighPressure,mixed,gap(Δ)→Debye,2,20.4545,0,11.0794,rational,11.2,0.0108825,11.0713,0.0116205,,
ZnH6,single,SC_HighPressure,mixed,Debye→electronic(E_F),1,20.4545,0,123.782,rational,123.429,0.00285144,123.736,0.00248756,,
Zr,single,SC_TypeII,integer,thermal@Tc→gap(Δ),3,477.049,0,1.71214,integer,2,0.168127,1.66844,0.198722,,
Zr,single,SC_TypeII,integer,gap(Δ)→Debye,2,477.049,0,278.627,integer,280,0.00492734,273.886,0.0223222,,
Zr,single,SC_TypeII,integer,Debye→electronic(E_F),1,477.049,0,330.988,integer,336,0.0151426,328.172,0.0238531,,
ZrB12,single,SC_Binary,integer,thermal@Tc→gap(Δ),3,181.818,0,1.83562,integer,2,0.0895479,1.81777,0.100251,,
ZrB12,single,SC_Binary,integer,gap(Δ)→Debye,2,181.818,0,99.0498,integer,100,0.00959308,98.4075,0.016183,,
ZrB12,single,SC_Binary,integer,Debye→electronic(E_F),1,181.818,0,78.9107,integer,80,0.0138039,78.6549,0.0171018,,
ZrH10,single,SC_HighPressure,integer,thermal@Tc→gap(Δ),3,4.90909,0,1.95167,integer,2,0.024764,1.95116,0.0250332,,
ZrH10,single,SC_HighPressure,integer,gap(Δ)→Debye,2,4.90909,0,2.51533,integer,3,0.192687,2.51489,0.192895,,
ZrH10,single,SC_HighPressure,integer,Debye→electronic(E_F),1,4.90909,0,71.991,integer,72,0.000125126,71.9847,0.000212692,,
ZrN,single,SC_Binary,integer,thermal@Tc→gap(Δ),3,55.1402,0,1.95216,integer,2,0.0245052,1.9464,0.0275365,,
ZrN,single,SC_Binary,integer,gap(Δ)→Debye,2,55.1402,0,28.2457,integer,28,0.00869879,28.1902,0.00674535,,
ZrN,single,SC_Binary,integer,Debye→electronic(E_F),1,55.1402,0,121.946,integer,120,0.0159561,121.826,0.0149875,,
_-(BEDT-TTF)2I3,single,SC_Molecular,rational,thermal@Tc→gap(Δ),3,93.3333,0,1.85672,rational,1.875,0.00984374,1.84745,0.0149116,,
_-(BEDT-TTF)2I3,single,SC_Molecular,rational,gap(Δ)→Debye,2,93.3333,0,50.2678,rational,50.4,0.00263037,50.1004,0.00597922,,
_-(BEDT-TTF)2I3,single,SC_Molecular,rational,Debye→electronic(E_F),1,93.3333,0,9.94673,rational,10,0.00535555,9.93017,0.00703173,,
