name,sub_network,category,lock_family,jump_desc,d,X,C_AB,R_obs,chosen_lock,prime_value,err_before,R_corr_eta,err_after_eta,R_corr_kappa,err_after_kappa,jump_type,log_residual_eta,exp_a_2,exp_b_3,exp_c_5,exp_d_7,exp_other,p,q
CaC6,single,SC_Binary,integer,thermal@Tc→gap(Δ),3,26.087,0,1.7659,integer,2,0.132564,1.75826,0.137486,,,,-0.128822,1,0,0,0,,,
CaC6,single,SC_Binary,integer,gap(Δ)→Debye,2,26.087,0,14.7726,integer,15,0.0153953,14.73,0.0183329,,,,-0.018164,0,1,1,0,,,
CaC6,single,SC_Binary,integer,Debye→electronic(E_F),1,26.087,0,146.991,integer,147,6.42023e-05,146.779,0.00150871,,,,-0.00150453,0,1,0,2,,,
MgCNi3,single,SC_Binary,mixed,thermal@Tc→gap(Δ),3,43.75,0,1.74068,rational,1.75,0.00535555,1.72805,0.0127045,,,,-0.0126222,,,,,,7,4
MgCNi3,single,SC_Binary,mixed,gap(Δ)→Debye,2,43.75,0,25.1339,rational,25.2,0.00263037,25.0123,0.00750449,,,,-0.00747629,,,,,,126,5
MgCNi3,single,SC_Binary,mixed,Debye→electronic(E_F),1,43.75,0,165.779,rational,165.375,0.00243596,165.378,1.70903e-05,,,,1.81404e-05,,,,,,1323,8
Mo3Si,single,SC_Binary,integer,thermal@Tc→gap(Δ),3,240.31,0,1.70919,integer,2,0.170143,1.64106,0.218721,,,,-0.197805,1,0,0,0,,,
Mo3Si,single,SC_Binary,integer,gap(Δ)→Debye,2,240.31,0,140.599,integer,140,0.00425748,136.862,0.0229249,,,,-0.0226693,2,0,1,1,,,
Mo3Si,single,SC_Binary,integer,Debye→electronic(E_F),1,240.31,0,205.887,integer,210,0.0199789,203.151,0.0337134,,,,-0.033158,1,1,1,1,,,
Nb3Al,single,SC_Binary,integer,thermal@Tc→gap(Δ),3,14.8148,0,1.84199,integer,2,0.085784,1.83746,0.0884587,,,,-0.084763,1,0,0,0,,,
Nb3Al,single,SC_Binary,integer,gap(Δ)→Debye,2,14.8148,0,8.04284,integer,8,0.00532702,8.02967,0.00369487,,,,0.00370189,3,0,0,0,,,
Nb3Al,single,SC_Binary,integer,Debye→electronic(E_F),1,14.8148,0,273.535,integer,270,0.0129236,273.311,0.0121145,,,,0.0121884,1,3,1,0,,,
Nb3Ge,single,SC_Binary,integer,thermal@Tc→gap(Δ),3,13.913,0,1.96772,integer,2,0.0164034,1.96318,0.0187544,,,,-0.0185816,1,0,0,0,,,
Nb3Ge,single,SC_Binary,integer,gap(Δ)→Debye,2,13.913,0,7.07063,integer,7,0.00998955,7.05975,0.00846408,,,,0.00849949,0,0,0,1,,,
Nb3Ge,single,SC_Binary,integer,Debye→electronic(E_F),1,13.913,0,246.596,integer,245,0.00647217,246.406,0.00570731,,,,0.00572237,0,0,1,2,,,
Nb3Sn,single,SC_Binary,integer,thermal@Tc→gap(Δ),3,13.8889,0,1.99856,integer,2,0.000722572,1.99395,0.00303328,,,,-0.00302958,1,0,0,0,,,
Nb3Sn,single,SC_Binary,integer,gap(Δ)→Debye,2,13.8889,0,6.94946,integer,7,0.00727217,6.93879,0.00882154,,,,-0.00878274,0,0,0,1,,,
Nb3Sn,single,SC_Binary,integer,Debye→electronic(E_F),1,13.8889,0,311.001,integer,315,0.0128582,310.762,0.0136366,,,,-0.0135453,0,2,1,1,,,
PbMo6S8,single,SC_Binary,mixed,thermal@Tc→gap(Δ),3,14.2857,0,1.82357,rational,1.8,0.0129236,1.81925,0.0105792,,,,0.0106377,,,,,,9,5
PbMo6S8,single,SC_Binary,mixed,gap(Δ)→Debye,2,14.2857,0,7.83394,rational,7.875,0.00524138,7.82156,0.00683187,,,,-0.00680916,,,,,,63,8
PbMo6S8,single,SC_Binary,mixed,Debye→electronic(E_F),1,14.2857,0,348.136,rational,347.143,0.00285144,347.861,0.00206322,,,,0.00206618,,,,,,2430,7
TiN,single,SC_Binary,integer,thermal@Tc→gap(Δ),3,125,0,1.94153,integer,2,0.030118,1.90127,0.0519282,,,,-0.0506251,1,0,0,0,,,
TiN,single,SC_Binary,integer,gap(Δ)→Debye,2,125,0,64.3824,integer,64,0.00593912,63.4925,0.00799371,,,,-0.00796129,6,0,0,0,,,
TiN,single,SC_Binary,integer,Debye→electronic(E_F),1,125,0,103.548,integer,105,0.0140224,102.832,0.0210793,,,,-0.0208638,0,1,1,1,,,
V3Si,single,SC_Binary,integer,thermal@Tc→gap(Δ),3,20.4678,0,1.69657,integer,2,0.178851,1.69081,0.182867,,,,-0.167939,1,0,0,0,,,
V3Si,single,SC_Binary,integer,gap(Δ)→Debye,2,20.4678,0,12.0643,integer,12,0.00532702,12.037,0.00307066,,,,0.00307859,2,1,0,0,,,
V3Si,single,SC_Binary,integer,Debye→electronic(E_F),1,20.4678,0,215.512,integer,216,0.00226215,215.269,0.00339764,,,,-0.00339,3,3,0,0,,,
ZrN,single,SC_Binary,integer,thermal@Tc→gap(Δ),3,55.1402,0,1.95216,integer,2,0.0245052,1.93431,0.0339618,,,,-0.0333965,1,0,0,0,,,
ZrN,single,SC_Binary,integer,gap(Δ)→Debye,2,55.1402,0,28.2457,integer,28,0.00869879,28.0735,0.00261742,,,,0.00262156,2,0,0,1,,,
ZrN,single,SC_Binary,integer,Debye→electronic(E_F),1,55.1402,0,121.946,integer,120,0.0159561,121.574,0.0129469,,,,0.0130314,3,1,1,0,,,
CeCoIn5,single,SC_HeavyFermion,rational,thermal@Tc→gap(Δ),3,108.696,0,3.68317,rational,3.75,0.0181438,3.61677,0.0368371,,,,-0.0361745,,,,,,15,4
CeCoIn5,single,SC_HeavyFermion,rational,gap(Δ)→Debye,2,108.696,0,29.5114,rational,29.4,0.00377533,29.1567,0.00834439,,,,-0.00830994,,,,,,147,5
CeCoIn5,single,SC_HeavyFermion,rational,Debye→electronic(E_F),1,108.696,0,0.464181,rational,0.428571,0.0767143,0.461391,0.0711321,,,,0.0737894,,,,,,3,7
CeCu2Si2,single,SC_HeavyFermion,rational,thermal@Tc→gap(Δ),3,314.286,0,1.82357,rational,1.8,0.0129236,1.7285,0.0413625,,,,-0.0405327,,,,,,9,5
CeCu2Si2,single,SC_HeavyFermion,rational,gap(Δ)→Debye,2,314.286,0,172.347,rational,172.8,0.00263037,166.357,0.0387297,,,,-0.0379988,,,,,,864,5
CeCu2Si2,single,SC_HeavyFermion,rational,Debye→electronic(E_F),1,314.286,0,0.527478,rational,0.5,0.0520933,0.518312,0.0353306,,,,0.0359693,,,,,,1,2
UBe13,single,SC_HeavyFermion,rational,thermal@Tc→gap(Δ),3,411.765,0,1.77481,rational,1.75,0.0139782,1.65359,0.0583024,,,,-0.0566671,,,,,,7,4
UBe13,single,SC_HeavyFermion,rational,gap(Δ)→Debye,2,411.765,0,232.005,rational,231.429,0.0024851,221.441,0.0451009,,,,-0.0441169,,,,,,1620,7
UBe13,single,SC_HeavyFermion,rational,Debye→electronic(E_F),1,411.765,0,0.331558,rational,0.333333,0.00535555,0.324009,0.0287769,,,,-0.0283707,,,,,,1,3
UPd2Al3,single,SC_HeavyFermion,rational,thermal@Tc→gap(Δ),3,150,0,1.85672,rational,1.875,0.00984374,1.81053,0.0356099,,,,-0.034989,,,,,,15,8
UPd2Al3,single,SC_HeavyFermion,rational,gap(Δ)→Debye,2,150,0,80.7875,rational,81,0.00263037,79.4475,0.0195413,,,,-0.0193527,,,,,,81,1
UPd2Al3,single,SC_HeavyFermion,rational,Debye→electronic(E_F),1,150,0,0.386817,rational,0.375,0.03055,0.383609,0.0224427,,,,0.0226978,,,,,,3,8
UPt3,single,SC_HeavyFermion,rational,thermal@Tc→gap(Δ),3,420,0,1.85672,rational,1.875,0.00984374,1.72738,0.085462,,,,-0.0820028,,,,,,15,8
UPt3,single,SC_HeavyFermion,rational,gap(Δ)→Debye,2,420,0,226.205,rational,226.8,0.00263037,215.699,0.0514635,,,,-0.0501847,,,,,,1134,5
UPt3,single,SC_HeavyFermion,rational,Debye→electronic(E_F),1,420,0,0.552596,rational,0.571429,0.03408,0.539764,0.0586638,,,,-0.0570082,,,,,,4,7
URu2Si2,single,SC_HeavyFermion,rational,thermal@Tc→gap(Δ),3,230.769,0,1.78531,rational,1.8,0.00822799,1.71697,0.0483562,,,,-0.0472256,,,,,,9,5
URu2Si2,single,SC_HeavyFermion,rational,gap(Δ)→Debye,2,230.769,0,129.26,rational,129.6,0.00263037,125.962,0.0288856,,,,-0.0284725,,,,,,648,5
URu2Si2,single,SC_HeavyFermion,rational,Debye→electronic(E_F),1,230.769,0,0.386817,rational,0.375,0.03055,0.381882,0.0180209,,,,0.0181856,,,,,,3,8
(La0.5Y0.5)H8,single,SC_HighPressure,mixed,thermal@Tc→gap(Δ),3,6.48276,0,1.92075,rational,1.875,0.0238177,1.91868,0.0227669,,,,0.0230288,,,,,,15,8
(La0.5Y0.5)H8,single,SC_HighPressure,mixed,gap(Δ)→Debye,2,6.48276,0,3.37512,rational,3.375,3.62044e-05,3.3727,0.000681139,,,,-0.000681714,,,,,,27,8
(La0.5Y0.5)H8,single,SC_HighPressure,mixed,Debye→electronic(E_F),1,6.48276,0,76.5404,rational,76.8,0.00339117,76.513,0.00375094,,,,-0.00374398,,,,,,384,5
(LaY)H10,single,SC_HighPressure,mixed,thermal@Tc→gap(Δ),3,4.42688,0,1.97231,integer,2,0.0140397,1.97086,0.0147848,,,,-0.0146772,1,0,0,0,,,
(LaY)H10,single,SC_HighPressure,mixed,gap(Δ)→Debye,2,4.42688,0,2.24451,rational,2.25,0.00244386,2.24342,0.00293482,,,,-0.00292873,,,,,,9,4
(LaY)H10,single,SC_HighPressure,mixed,Debye→electronic(E_F),1,4.42688,0,72.5282,integer,72,0.00728321,72.5105,0.00704017,,,,0.00706526,3,2,0,0,,,
(LaY)H4,single,SC_HighPressure,mixed,thermal@Tc→gap(Δ),3,8.63158,0,1.83229,rational,1.8,0.017624,1.82967,0.0162155,,,,0.016349,,,,,,9,5
(LaY)H4,single,SC_HighPressure,mixed,gap(Δ)→Debye,2,8.63158,0,4.71081,rational,4.66667,0.0093704,4.70631,0.00842398,,,,0.00845841,,,,,,14,3
(LaY)H4,single,SC_HighPressure,mixed,Debye→electronic(E_F),1,8.63158,0,79.2504,rational,78.75,0.00631376,79.2125,0.00583931,,,,0.00585584,,,,,,315,4
(LaY)H6,single,SC_HighPressure,mixed,thermal@Tc→gap(Δ),3,5.02564,0,1.96384,integer,2,0.0184121,1.9622,0.0192618,,,,-0.0190809,1,0,0,0,,,
(LaY)H6,single,SC_HighPressure,mixed,gap(Δ)→Debye,2,5.02564,0,2.55909,rational,2.57143,0.00482271,2.55766,0.00538143,,,,-0.00536939,,,,,,18,7
(LaY)H6,single,SC_HighPressure,mixed,Debye→electronic(E_F),1,5.02564,0,71.0481,rational,70.875,0.00243596,71.0283,0.00215869,,,,0.00216063,,,,,,567,8
AcH10,single,SC_HighPressure,integer,thermal@Tc→gap(Δ),3,5.76471,0,1.91133,integer,2,0.0463905,1.9095,0.047392,,,,-0.0463058,1,0,0,0,,,
AcH10,single,SC_HighPressure,integer,gap(Δ)→Debye,2,5.76471,0,3.01607,integer,3,0.00532702,3.01414,0.00469256,,,,0.00470226,0,1,0,0,,,
AcH10,single,SC_HighPressure,integer,Debye→electronic(E_F),1,5.76471,0,76.9687,integer,75,0.0255785,76.9442,0.0252678,,,,0.0255924,0,1,2,0,,,
AlH3,single,SC_HighPressure,integer,thermal@Tc→gap(Δ),3,10,0,1.8535,integer,2,0.07904,1.85043,0.0808327,,,,-0.0777291,1,0,0,0,,,
AlH3,single,SC_HighPressure,integer,gap(Δ)→Debye,2,10,0,5.3952,integer,5,0.0732503,5.38923,0.0722244,,,,0.0749646,0,0,1,0,,,
AlH3,single,SC_HighPressure,integer,Debye→electronic(E_F),1,10,0,88.6456,integer,90,0.0152785,88.5966,0.0158402,,,,-0.0157162,1,2,1,0,,,
B2H6,single,SC_HighPressure,mixed,thermal@Tc→gap(Δ),3,7.04,0,1.85672,rational,1.875,0.00984374,1.85455,0.0110243,,,,-0.0109666,,,,,,15,8
B2H6,single,SC_HighPressure,mixed,gap(Δ)→Debye,2,7.04,0,3.79163,rational,3.75,0.0109786,3.78867,0.010208,,,,0.0102592,,,,,,15,4
B2H6,single,SC_HighPressure,mixed,Debye→electronic(E_F),1,7.04,0,79.1217,rational,78.75,0.00469801,79.0909,0.00431045,,,,0.00431955,,,,,,315,4
BaH12,single,SC_HighPressure,mixed,thermal@Tc→gap(Δ),3,6.64286,0,1.90646,rational,1.875,0.0165,1.90436,0.0154152,,,,0.0155373,,,,,,15,8
BaH12,single,SC_HighPressure,mixed,gap(Δ)→Debye,2,6.64286,0,3.4844,rational,3.5,0.00447711,3.48184,0.0052155,,,,-0.00520208,,,,,,7,2
BaH12,single,SC_HighPressure,mixed,Debye→electronic(E_F),1,6.64286,0,74.8679,integer,75,0.00176499,74.8404,0.00213305,,,,-0.00213027,0,1,2,0,,,
BaH6,single,SC_HighPressure,integer,thermal@Tc→gap(Δ),3,11.4286,0,1.82357,integer,2,0.0967515,1.82011,0.0988345,,,,-0.0942502,1,0,0,0,,,
BaH6,single,SC_HighPressure,integer,gap(Δ)→Debye,2,11.4286,0,6.26715,integer,6,0.0426273,6.25923,0.0414158,,,,0.0422977,1,1,0,0,,,
BaH6,single,SC_HighPressure,integer,Debye→electronic(E_F),1,11.4286,0,139.254,integer,140,0.00535555,139.166,0.00599121,,,,-0.00597496,2,0,1,1,,,
BH,single,SC_HighPressure,integer,thermal@Tc→gap(Δ),3,16.6667,0,1.87883,integer,2,0.0644941,1.87363,0.067445,,,,-0.0652695,1,0,0,0,,,
BH,single,SC_HighPressure,integer,gap(Δ)→Debye,2,16.6667,0,8.87078,integer,9,0.0145664,8.85444,0.0164397,,,,-0.0163055,0,2,0,0,,,
BH,single,SC_HighPressure,integer,Debye→electronic(E_F),1,16.6667,0,139.254,integer,140,0.00535555,139.126,0.00628283,,,,-0.00626243,2,0,1,1,,,
CaH10,single,SC_HighPressure,integer,thermal@Tc→gap(Δ),3,5.02463,0,1.82928,integer,2,0.0933242,1.82776,0.0942361,,,,-0.090056,1,0,0,0,,,
CaH10,single,SC_HighPressure,integer,gap(Δ)→Debye,2,5.02463,0,2.74677,integer,3,0.0921899,2.74525,0.0927971,,,,-0.0887401,0,1,0,0,,,
CaH10,single,SC_HighPressure,integer,Debye→electronic(E_F),1,5.02463,0,75.0881,integer,75,0.00117274,75.0672,0.000895176,,,,0.000895599,0,1,2,0,,,
CaH6,single,SC_HighPressure,integer,thermal@Tc→gap(Δ),3,4.18605,0,1.88911,integer,2,0.0587009,1.8878,0.0594365,,,,-0.0577351,1,0,0,0,,,
CaH6,single,SC_HighPressure,integer,gap(Δ)→Debye,2,4.18605,0,2.21589,integer,2,0.0974264,2.21486,0.0970084,,,,0.102042,1,0,0,0,,,
CaH6,single,SC_HighPressure,integer,Debye→electronic(E_F),1,4.18605,0,70.9165,integer,70,0.0129236,70.9001,0.0126951,,,,0.0127766,1,0,1,1,,,
CeH10,single,SC_HighPressure,mixed,thermal@Tc→gap(Δ),3,7.2,0,1.94956,integer,2,0.025873,1.94723,0.0270996,,,,-0.0267393,1,0,0,0,,,
CeH10,single,SC_HighPressure,mixed,gap(Δ)→Debye,2,7.2,0,3.69314,rational,3.75,0.0153953,3.6902,0.0162044,,,,-0.0160752,,,,,,15,4
CeH10,single,SC_HighPressure,mixed,Debye→electronic(E_F),1,7.2,0,77.3635,rational,77.1429,0.00285144,77.3327,0.00245433,,,,0.00245735,,,,,,540,7
CeH9,single,SC_HighPressure,mixed,thermal@Tc→gap(Δ),3,7.65217,0,1.91727,rational,1.875,0.0220461,1.91483,0.0208032,,,,0.0210202,,,,,,15,8
CeH9,single,SC_HighPressure,mixed,gap(Δ)→Debye,2,7.65217,0,3.99119,integer,4,0.00220838,3.98781,0.00305714,,,,-0.00305215,2,0,0,0,,,
CeH9,single,SC_HighPressure,mixed,Debye→electronic(E_F),1,7.65217,0,76.4843,rational,76.8,0.00412733,76.452,0.00455234,,,,-0.00454155,,,,,,384,5
CH4-H2 (clathrate),single,SC_HighPressure,mixed,thermal@Tc→gap(Δ),3,6.13333,0,1.85672,rational,1.875,0.00984374,1.85483,0.0108721,,,,-0.0108156,,,,,,15,8
CH4-H2 (clathrate),single,SC_HighPressure,mixed,gap(Δ)→Debye,2,6.13333,0,3.30331,rational,3.33333,0.00908853,3.30107,0.00977338,,,,-0.00972515,,,,,,10,3
CH4-H2 (clathrate),single,SC_HighPressure,mixed,Debye→electronic(E_F),1,6.13333,0,78.2044,rational,78.125,0.00101479,78.1778,0.000675914,,,,0.000675612,,,,,,625,8
FeH5,single,SC_HighPressure,mixed,thermal@Tc→gap(Δ),3,11.9565,0,1.89204,rational,1.875,0.00900667,1.88829,0.00703743,,,,0.007063,,,,,,15,8
FeH5,single,SC_HighPressure,mixed,gap(Δ)→Debye,2,11.9565,0,6.31938,rational,6.25,0.0109786,6.31102,0.00966922,,,,0.00971585,,,,,,25,4
FeH5,single,SC_HighPressure,mixed,Debye→electronic(E_F),1,11.9565,0,94.9461,rational,94.5,0.00469801,94.8833,0.00403961,,,,0.00404788,,,,,,189,2
GaH3,single,SC_HighPressure,integer,thermal@Tc→gap(Δ),3,8.83721,0,1.84863,integer,2,0.0818842,1.84592,0.0834723,,,,-0.0801694,1,0,0,0,,,
GaH3,single,SC_HighPressure,integer,gap(Δ)→Debye,2,8.83721,0,4.78042,integer,5,0.0459335,4.77575,0.0469566,,,,-0.0458869,0,0,1,0,,,
GaH3,single,SC_HighPressure,integer,Debye→electronic(E_F),1,8.83721,0,87.0339,integer,90,0.03408,86.9914,0.0345855,,,,-0.0340004,1,2,1,0,,,
GdH9,single,SC_HighPressure,mixed,thermal@Tc→gap(Δ),3,8.77551,0,1.89462,rational,1.875,0.0103531,1.89186,0.00891053,,,,0.00895181,,,,,,15,8
GdH9,single,SC_HighPressure,mixed,gap(Δ)→Debye,2,8.77551,0,4.63182,rational,4.66667,0.00752405,4.62732,0.00850269,,,,-0.00846789,,,,,,14,3
GdH9,single,SC_HighPressure,mixed,Debye→electronic(E_F),1,8.77551,0,78.263,rational,78.4,0.00175013,78.2251,0.00223641,,,,-0.00223336,,,,,,392,5
H3S,single,SC_HighPressure,rational,thermal@Tc→gap(Δ),3,6.40394,0,1.74354,rational,1.75,0.00370742,1.74168,0.0047747,,,,-0.00476562,,,,,,7,4
H3S,single,SC_HighPressure,rational,gap(Δ)→Debye,2,6.40394,0,3.67296,rational,3.6,0.0198645,3.67036,0.01917,,,,0.0193559,,,,,,18,5
H3S,single,SC_HighPressure,rational,Debye→electronic(E_F),1,6.40394,0,71.4124,rational,71.4286,0.000226182,71.3871,0.000580458,,,,-0.000581169,,,,,,500,7
H6SBr,single,SC_HighPressure,mixed,thermal@Tc→gap(Δ),3,7.56522,0,1.91727,rational,1.875,0.0220461,1.91486,0.0208174,,,,0.0210359,,,,,,15,8
H6SBr,single,SC_HighPressure,mixed,gap(Δ)→Debye,2,7.56522,0,3.94583,integer,4,0.013728,3.94253,0.0145768,,,,-0.0144717,2,0,0,0,,,
H6SBr,single,SC_HighPressure,mixed,Debye→electronic(E_F),1,7.56522,0,78.6973,rational,78.75,0.000669568,78.6644,0.0010883,,,,-0.00108758,,,,,,315,4
H6SCl,single,SC_HighPressure,mixed,thermal@Tc→gap(Δ),3,7.00787,0,1.91886,rational,1.875,0.022856,1.91663,0.0217188,,,,0.0219598,,,,,,15,8
H6SCl,single,SC_HighPressure,mixed,gap(Δ)→Debye,2,7.00787,0,3.65211,rational,3.6,0.0142679,3.64928,0.0135034,,,,0.013596,,,,,,18,5
H6SCl,single,SC_HighPressure,mixed,Debye→electronic(E_F),1,7.00787,0,78.2327,rational,78.125,0.00137674,78.2024,0.000989667,,,,0.00099023,,,,,,625,8
HfH10,single,SC_HighPressure,integer,thermal@Tc→gap(Δ),3,4.76596,0,1.97524,integer,2,0.0125367,1.97368,0.0133377,,,,-0.0132474,1,0,0,0,,,
HfH10,single,SC_HighPressure,integer,gap(Δ)→Debye,2,4.76596,0,2.41285,integer,2,0.171106,2.41158,0.170669,,,,0.187135,1,0,0,0,,,
HfH10,single,SC_HighPressure,integer,Debye→electronic(E_F),1,4.76596,0,71.4921,integer,72,0.00710399,71.4733,0.00736944,,,,-0.00734217,3,2,0,0,,,
InH3,single,SC_HighPressure,integer,thermal@Tc→gap(Δ),3,12,0,1.85672,integer,2,0.0771667,1.85303,0.0793149,,,,-0.076325,1,0,0,0,,,
InH3,single,SC_HighPressure,integer,gap(Δ)→Debye,2,12,0,6.463,integer,6,0.0716386,6.45442,0.070405,,,,0.0730057,1,1,0,0,,,
InH3,single,SC_HighPressure,integer,Debye→electronic(E_F),1,12,0,116.045,integer,120,0.03408,115.968,0.0347665,,,,-0.0341775,3,1,1,0,,,
InH5,single,SC_HighPressure,mixed,thermal@Tc→gap(Δ),3,14.0741,0,1.84813,rational,1.875,0.0145407,1.84381,0.0169146,,,,-0.0167746,,,,,,15,8
InH5,single,SC_HighPressure,mixed,gap(Δ)→Debye,2,14.0741,0,7.61532,rational,7.71429,0.0129959,7.60347,0.0145749,,,,-0.0144697,,,,,,54,7
InH5,single,SC_HighPressure,mixed,Debye→electronic(E_F),1,14.0741,0,137.422,rational,137.2,0.00161492,137.315,0.000837423,,,,0.000837841,,,,,,686,5
LaBeH8,single,SC_HighPressure,mixed,thermal@Tc→gap(Δ),3,5.51351,0,1.94454,integer,2,0.0285204,1.94276,0.0294619,,,,-0.0290375,1,0,0,0,,,
LaBeH8,single,SC_HighPressure,mixed,gap(Δ)→Debye,2,5.51351,0,2.83538,rational,2.85714,0.00767524,2.83365,0.00828997,,,,-0.00825549,,,,,,20,7
LaBeH8,single,SC_HighPressure,mixed,Debye→electronic(E_F),1,5.51351,0,77.3635,rational,77.1429,0.00285144,77.3399,0.00254737,,,,0.00255045,,,,,,540,7
LaCeH18,single,SC_HighPressure,mixed,thermal@Tc→gap(Δ),3,5.61798,0,1.95582,integer,2,0.0225902,1.954,0.023544,,,,-0.0232686,1,0,0,0,,,
LaCeH18,single,SC_HighPressure,mixed,gap(Δ)→Debye,2,5.61798,0,2.87244,rational,2.85714,0.00532702,2.87066,0.00470871,,,,0.00472084,,,,,,20,7
LaCeH18,single,SC_HighPressure,mixed,Debye→electronic(E_F),1,5.61798,0,75.4294,rational,75.6,0.00226215,75.4059,0.00257356,,,,-0.00257076,,,,,,378,5
LaH10,single,SC_HighPressure,integer,thermal@Tc→gap(Δ),3,4.4,0,2.46016,integer,2,0.187044,2.45836,0.18645,,,,0.206347,1,0,0,0,,,
LaH10,single,SC_HighPressure,integer,gap(Δ)→Debye,2,4.4,0,1.7885,integer,2,0.118254,1.78763,0.118798,,,,-0.112256,1,0,0,0,,,
LaH10,single,SC_HighPressure,integer,Debye→electronic(E_F),1,4.4,0,68.5722,integer,70,0.0208226,68.5555,0.021071,,,,-0.0208516,1,0,1,1,,,
LaH8,single,SC_HighPressure,mixed,thermal@Tc→gap(Δ),3,7.91667,0,1.74068,rational,1.75,0.00535555,1.73839,0.00667744,,,,-0.00665639,,,,,,7,4
LaH8,single,SC_HighPressure,mixed,gap(Δ)→Debye,2,7.91667,0,4.54804,rational,4.57143,0.00514322,4.54406,0.00602391,,,,-0.00600518,,,,,,32,7
LaH8,single,SC_HighPressure,mixed,Debye→electronic(E_F),1,7.91667,0,73.2917,rational,73.1429,0.00203074,73.2596,0.00159373,,,,0.00159424,,,,,,512,7
LaSc2H24,single,SC_HighPressure,mixed,thermal@Tc→gap(Δ),3,3.62538,0,1.9633,integer,2,0.0186919,1.96212,0.0193048,,,,-0.0191217,1,0,0,0,,,
LaSc2H24,single,SC_HighPressure,mixed,gap(Δ)→Debye,2,3.62538,0,1.84657,rational,1.875,0.0153953,1.84583,0.0158026,,,,-0.0156796,,,,,,15,8
LaSc2H24,single,SC_HighPressure,mixed,Debye→electronic(E_F),1,3.62538,0,72.5282,integer,72,0.00728321,72.5137,0.00708418,,,,0.00710939,3,2,0,0,,,
LaSr2H18,single,SC_HighPressure,mixed,thermal@Tc→gap(Δ),3,5.92814,0,1.94567,integer,2,0.0279248,1.94375,0.0289365,,,,-0.0285281,1,0,0,0,,,
LaSr2H18,single,SC_HighPressure,mixed,gap(Δ)→Debye,2,5.92814,0,3.04684,integer,3,0.0153742,3.04485,0.0147283,,,,0.0148394,0,1,0,0,,,
LaSr2H18,single,SC_HighPressure,mixed,Debye→electronic(E_F),1,5.92814,0,76.1913,rational,75.6,0.00776048,76.1663,0.00743515,,,,0.00746282,,,,,,378,5
LaSr3H24,single,SC_HighPressure,mixed,thermal@Tc→gap(Δ),3,5.88757,0,1.92264,rational,1.875,0.0247795,1.92076,0.0238262,,,,0.0241123,,,,,,15,8
LaSr3H24,single,SC_HighPressure,mixed,gap(Δ)→Debye,2,5.88757,0,3.06223,integer,3,0.0203221,3.06024,0.0196839,,,,0.0198811,0,1,0,0,,,
LaSr3H24,single,SC_HighPressure,mixed,Debye→electronic(E_F),1,5.88757,0,75.8084,rational,75.6,0.00274917,75.7837,0.00242443,,,,0.00242695,,,,,,378,5
LaSrH12,single,SC_HighPressure,mixed,thermal@Tc→gap(Δ),3,6.125,0,1.95826,integer,2,0.0213136,1.95627,0.0223522,,,,-0.0221076,1,0,0,0,,,
LaSrH12,single,SC_HighPressure,mixed,gap(Δ)→Debye,2,6.125,0,3.12777,rational,3.125,0.000886514,3.12565,0.000209361,,,,0.000207978,,,,,,25,8
LaSrH12,single,SC_HighPressure,mixed,Debye→electronic(E_F),1,6.125,0,75.7846,rational,75.6,0.00243596,75.7589,0.00209802,,,,0.00209965,,,,,,378,5
LaSrH21,single,SC_HighPressure,mixed,thermal@Tc→gap(Δ),3,5.0237,0,1.92492,rational,1.875,0.0259336,1.92332,0.0251212,,,,0.0254442,,,,,,15,8
LaSrH21,single,SC_HighPressure,mixed,gap(Δ)→Debye,2,5.0237,0,2.60982,rational,2.625,0.00581613,2.60837,0.00637519,,,,-0.00635539,,,,,,21,8
LaSrH21,single,SC_HighPressure,mixed,Debye→electronic(E_F),1,5.0237,0,75.5388,rational,75.6,0.000809592,75.5179,0.00108765,,,,-0.00108657,,,,,,378,5
LaThH12,single,SC_HighPressure,mixed,thermal@Tc→gap(Δ),3,5.66667,0,1.93409,rational,1.875,0.03055,1.93227,0.0296379,,,,0.0300868,,,,,,15,8
LaThH12,single,SC_HighPressure,mixed,gap(Δ)→Debye,2,5.66667,0,2.92989,integer,3,0.0239281,2.92806,0.0245701,,,,-0.0242722,0,1,0,0,,,
LaThH12,single,SC_HighPressure,mixed,Debye→electronic(E_F),1,5.66667,0,75.0881,integer,75,0.00117274,75.0645,0.000859699,,,,0.00085963,0,1,2,0,,,
LaYH20,single,SC_HighPressure,mixed,thermal@Tc→gap(Δ),3,4.42688,0,1.97231,integer,2,0.0140397,1.97086,0.0147848,,,,-0.0146772,1,0,0,0,,,
LaYH20,single,SC_HighPressure,mixed,gap(Δ)→Debye,2,4.42688,0,2.24451,rational,2.25,0.00244386,2.24342,0.00293482,,,,-0.00292873,,,,,,9,4
LaYH20,single,SC_HighPressure,mixed,Debye→electronic(E_F),1,4.42688,0,72.5282,integer,72,0.00728321,72.5105,0.00704017,,,,0.00706526,3,2,0,0,,,
Li2MgH16,single,SC_HighPressure,mixed,thermal@Tc→gap(Δ),3,3.06554,0,1.96271,integer,2,0.0189997,1.96171,0.0195181,,,,-0.0193306,1,0,0,0,,,
Li2MgH16,single,SC_HighPressure,mixed,gap(Δ)→Debye,2,3.06554,0,1.56189,rational,1.6,0.0243988,1.56136,0.0247462,,,,-0.0244464,,,,,,8,5
Li2MgH16,single,SC_HighPressure,mixed,Debye→electronic(E_F),1,3.06554,0,68.0265,rational,67.5,0.00773942,68.015,0.00757121,,,,0.00760067,,,,,,135,2
LuH3,single,SC_HighPressure,integer,thermal@Tc→gap(Δ),3,54.8387,0,1.8717,integer,2,0.0685493,1.85467,0.0783581,,,,-0.0754404,1,0,0,0,,,
LuH3,single,SC_HighPressure,integer,gap(Δ)→Debye,2,54.8387,0,29.2989,integer,30,0.0239281,29.1213,0.030175,,,,-0.0297275,1,1,1,0,,,
LuH3,single,SC_HighPressure,integer,Debye→electronic(E_F),1,54.8387,0,90.447,integer,90,0.0049419,90.1727,0.00191571,,,,0.00191705,1,2,1,0,,,
MgH12,single,SC_HighPressure,mixed,thermal@Tc→gap(Δ),3,4.89796,0,1.94198,integer,2,0.0298764,1.9404,0.0307138,,,,-0.030253,1,0,0,0,,,
MgH12,single,SC_HighPressure,mixed,gap(Δ)→Debye,2,4.89796,0,2.52215,rational,2.5,0.00878074,2.52078,0.0082436,,,,0.00827765,,,,,,5,2
MgH12,single,SC_HighPressure,mixed,Debye→electronic(E_F),1,4.89796,0,71.5612,rational,71.4286,0.00185329,71.5418,0.00158291,,,,0.00158354,,,,,,500,7
MgH6,single,SC_HighPressure,mixed,thermal@Tc→gap(Δ),3,4.35424,0,1.96977,integer,2,0.0153467,1.96835,0.0160805,,,,-0.0159516,1,0,0,0,,,
MgH6,single,SC_HighPressure,mixed,gap(Δ)→Debye,2,4.35424,0,2.21053,rational,2.25,0.0178539,2.20947,0.0183442,,,,-0.0181775,,,,,,9,4
MgH6,single,SC_HighPressure,mixed,Debye→electronic(E_F),1,4.35424,0,73.7575,rational,73.5,0.00349158,73.7398,0.00325162,,,,0.00325727,,,,,,147,2
MoH11,single,SC_HighPressure,mixed,thermal@Tc→gap(Δ),3,6.41892,0,1.88181,rational,1.875,0.00362084,1.87981,0.00255887,,,,0.00256205,,,,,,15,8
MoH11,single,SC_HighPressure,mixed,gap(Δ)→Debye,2,6.41892,0,3.41103,rational,3.42857,0.00514322,3.40861,0.00585718,,,,-0.00583868,,,,,,24,7
MoH11,single,SC_HighPressure,mixed,Debye→electronic(E_F),1,6.41892,0,76.9563,rational,76.8,0.00203074,76.929,0.00167644,,,,0.00167828,,,,,,384,5
NdH9,single,SC_HighPressure,mixed,thermal@Tc→gap(Δ),3,7.5,0,1.93409,rational,1.875,0.03055,1.93168,0.0293425,,,,0.0297814,,,,,,15,8
NdH9,single,SC_HighPressure,mixed,gap(Δ)→Debye,2,7.5,0,3.8778,rational,3.85714,0.00532702,3.87458,0.00450141,,,,0.00451129,,,,,,27,7
NdH9,single,SC_HighPressure,mixed,Debye→electronic(E_F),1,7.5,0,77.3635,rational,77.1429,0.00285144,77.3314,0.00243778,,,,0.00244054,,,,,,540,7
PrH10,single,SC_HighPressure,mixed,thermal@Tc→gap(Δ),3,6.88889,0,1.89111,rational,1.875,0.00851705,1.88895,0.00738284,,,,0.00741246,,,,,,15,8
PrH10,single,SC_HighPressure,mixed,gap(Δ)→Debye,2,6.88889,0,3.64278,rational,3.6,0.0117443,3.64001,0.0109909,,,,0.0110526,,,,,,18,5
PrH10,single,SC_HighPressure,mixed,Debye→electronic(E_F),1,6.88889,0,76.1157,rational,75.6,0.00677464,76.0867,0.0063962,,,,0.0064172,,,,,,378,5
PrH9,single,SC_HighPressure,mixed,thermal@Tc→gap(Δ),3,8.05556,0,1.93409,rational,1.875,0.03055,1.9315,0.0292529,,,,0.0296882,,,,,,15,8
PrH9,single,SC_HighPressure,mixed,gap(Δ)→Debye,2,8.05556,0,4.16504,rational,4.16667,0.000389493,4.16133,0.00128141,,,,-0.00128242,,,,,,25,6
PrH9,single,SC_HighPressure,mixed,Debye→electronic(E_F),1,8.05556,0,76.0296,rational,75.6,0.00565045,75.9957,0.00520738,,,,0.00522048,,,,,,378,5
ScH12,single,SC_HighPressure,integer,thermal@Tc→gap(Δ),3,6,0,1.92303,integer,2,0.040023,1.92112,0.0410591,,,,-0.0402388,1,0,0,0,,,
ScH12,single,SC_HighPressure,integer,gap(Δ)→Debye,2,6,0,3.12007,integer,3,0.0384828,3.118,0.0378444,,,,0.0385795,0,1,0,0,,,
ScH12,single,SC_HighPressure,integer,Debye→electronic(E_F),1,6,0,75.1531,integer,75,0.00203677,75.1281,0.0017056,,,,0.00170654,0,1,2,0,,,
ScH3,single,SC_HighPressure,integer,thermal@Tc→gap(Δ),3,38.9189,0,1.81909,integer,2,0.0994529,1.80734,0.106596,,,,-0.101291,1,0,0,0,,,
ScH3,single,SC_HighPressure,integer,gap(Δ)→Debye,2,38.9189,0,21.3948,integer,21,0.0184512,21.3027,0.0142087,,,,0.0143114,0,1,0,1,,,
ScH3,single,SC_HighPressure,integer,Debye→electronic(E_F),1,38.9189,0,88.6456,integer,90,0.0152785,88.4549,0.0174679,,,,-0.0173169,1,2,1,0,,,
ScH6,single,SC_HighPressure,integer,thermal@Tc→gap(Δ),3,9.65909,0,1.84617,integer,2,0.0833219,1.84322,0.0850603,,,,-0.0816331,1,0,0,0,,,
ScH6,single,SC_HighPressure,integer,gap(Δ)→Debye,2,9.65909,0,5.23195,integer,5,0.0443338,5.22636,0.043312,,,,0.0442771,0,0,1,0,,,
ScH6,single,SC_HighPressure,integer,Debye→electronic(E_F),1,9.65909,0,81.9142,integer,81,0.011161,81.8705,0.0106326,,,,0.0106896,0,4,0,0,,,
ScZrH12,single,SC_HighPressure,mixed,thermal@Tc→gap(Δ),3,5.98765,0,1.93409,rational,1.875,0.03055,1.93217,0.0295862,,,,0.0300351,,,,,,15,8
ScZrH12,single,SC_HighPressure,mixed,gap(Δ)→Debye,2,5.98765,0,3.09586,rational,3.125,0.00941363,3.09381,0.0100824,,,,-0.0100309,,,,,,25,8
ScZrH12,single,SC_HighPressure,mixed,Debye→electronic(E_F),1,5.98765,0,74.1732,rational,74.6667,0.00665278,74.1487,0.00698615,,,,-0.00696167,,,,,,224,3
SH3 (Cmca),single,SC_HighPressure,rational,thermal@Tc→gap(Δ),3,4.87603,0,1.96605,rational,2,0.0172657,1.96446,0.0180891,,,,-0.0179298,,,,,,2,1
SH3 (Cmca),single,SC_HighPressure,rational,gap(Δ)→Debye,2,4.87603,0,2.48011,rational,2.5,0.00801958,2.47877,0.00856339,,,,-0.00852826,,,,,,5,2
SH3 (Cmca),single,SC_HighPressure,rational,Debye→electronic(E_F),1,4.87603,0,71.7907,rational,72,0.00291594,71.7713,0.00318639,,,,-0.00318144,,,,,,72,1
Si2H6,single,SC_HighPressure,mixed,thermal@Tc→gap(Δ),3,8.09524,0,1.87883,rational,1.875,0.00203677,1.8763,0.000694965,,,,0.000693093,,,,,,15,8
Si2H6,single,SC_HighPressure,mixed,gap(Δ)→Debye,2,8.09524,0,4.30867,rational,4.28571,0.00532702,4.30481,0.00443583,,,,0.00444677,,,,,,30,7
Si2H6,single,SC_HighPressure,mixed,Debye→electronic(E_F),1,8.09524,0,79.1838,rational,78.75,0.00547803,79.1483,0.0050327,,,,0.00504503,,,,,,315,4
SmH9,single,SC_HighPressure,mixed,thermal@Tc→gap(Δ),3,8,0,1.89892,rational,1.875,0.0125972,1.8964,0.0112853,,,,0.0113487,,,,,,15,8
SmH9,single,SC_HighPressure,mixed,gap(Δ)→Debye,2,8,0,4.21292,rational,4.2,0.0030664,4.20919,0.0021837,,,,0.0021857,,,,,,21,5
SmH9,single,SC_HighPressure,mixed,Debye→electronic(E_F),1,8,0,77.803,rational,78.125,0.00413841,77.7686,0.00458275,,,,-0.00457236,,,,,,625,8
SrH10,single,SC_HighPressure,mixed,thermal@Tc→gap(Δ),3,4.40154,0,1.97142,integer,2,0.0144951,1.96998,0.0152363,,,,-0.0151238,1,0,0,0,,,
SrH10,single,SC_HighPressure,mixed,gap(Δ)→Debye,2,4.40154,0,2.23267,rational,2.25,0.00776078,2.23159,0.00825152,,,,-0.00821588,,,,,,9,4
SrH10,single,SC_HighPressure,mixed,Debye→electronic(E_F),1,4.40154,0,72.2738,integer,72,0.00378773,72.2562,0.00354523,,,,0.00355202,3,2,0,0,,,
SrH22,single,SC_HighPressure,mixed,thermal@Tc→gap(Δ),3,8.7619,0,1.87883,rational,1.875,0.00203677,1.8761,0.000584302,,,,0.000586495,,,,,,15,8
SrH22,single,SC_HighPressure,mixed,gap(Δ)→Debye,2,8.7619,0,4.6635,rational,4.66667,0.000679461,4.65898,0.00164994,,,,-0.00164922,,,,,,14,3
SrH22,single,SC_HighPressure,mixed,Debye→electronic(E_F),1,8.7619,0,78.2044,rational,78.125,0.00101479,78.1665,0.00053061,,,,0.000531059,,,,,,625,8
SrH6,single,SC_HighPressure,integer,thermal@Tc→gap(Δ),3,9.17647,0,1.84307,integer,2,0.0851457,1.84027,0.0867999,,,,-0.0832349,1,0,0,0,,,
SrH6,single,SC_HighPressure,integer,gap(Δ)→Debye,2,9.17647,0,4.9789,integer,5,0.00423715,4.97385,0.0052572,,,,-0.00524372,0,0,1,0,,,
SrH6,single,SC_HighPressure,integer,Debye→electronic(E_F),1,9.17647,0,84.8022,integer,84,0.00946022,84.7592,0.0089574,,,,0.0089975,2,1,0,1,,,
TaH6,single,SC_HighPressure,mixed,thermal@Tc→gap(Δ),3,8.36735,0,1.89462,rational,1.875,0.0103531,1.89199,0.00897772,,,,0.00902053,,,,,,15,8
TaH6,single,SC_HighPressure,mixed,gap(Δ)→Debye,2,8.36735,0,4.41638,rational,4.375,0.0093704,4.4123,0.00845297,,,,0.00848958,,,,,,35,8
TaH6,single,SC_HighPressure,mixed,Debye→electronic(E_F),1,8.36735,0,83.4959,rational,83.3333,0.00194728,83.4573,0.00148534,,,,0.00148689,,,,,,250,3
TbH9,single,SC_HighPressure,mixed,thermal@Tc→gap(Δ),3,8.94737,0,1.83229,rational,1.8,0.017624,1.82957,0.0161639,,,,0.0162943,,,,,,9,5
TbH9,single,SC_HighPressure,mixed,gap(Δ)→Debye,2,8.94737,0,4.88316,rational,4.8,0.0170291,4.87832,0.0160555,,,,0.016185,,,,,,24,5
TbH9,single,SC_HighPressure,mixed,Debye→electronic(E_F),1,8.94737,0,77.8185,rational,78.125,0.00393822,77.78,0.00443511,,,,-0.00442578,,,,,,625,8
Th4H15,single,SC_HighPressure,mixed,thermal@Tc→gap(Δ),3,8.67347,0,1.89462,rational,1.875,0.0103531,1.89189,0.00892732,,,,0.00896767,,,,,,15,8
Th4H15,single,SC_HighPressure,mixed,gap(Δ)→Debye,2,8.67347,0,4.57796,rational,4.57143,0.00142634,4.57357,0.000467687,,,,0.000468015,,,,,,32,7
Th4H15,single,SC_HighPressure,mixed,Debye→electronic(E_F),1,8.67347,0,75.0881,integer,75,0.00117274,75.052,0.000693518,,,,0.000693093,0,1,2,0,,,
ThH10,single,SC_HighPressure,integer,thermal@Tc→gap(Δ),3,5.90062,0,1.9461,integer,2,0.0276968,1.94419,0.0287036,,,,-0.0283017,1,0,0,0,,,
ThH10,single,SC_HighPressure,integer,gap(Δ)→Debye,2,5.90062,0,3.03202,integer,3,0.0105621,3.03005,0.00991613,,,,0.00996683,0,1,0,0,,,
ThH10,single,SC_HighPressure,integer,Debye→electronic(E_F),1,5.90062,0,79.3993,integer,80,0.00756512,79.3734,0.00789394,,,,-0.00786334,4,0,1,0,,,
ThH9,single,SC_HighPressure,mixed,thermal@Tc→gap(Δ),3,6.30137,0,1.90759,rational,1.875,0.0170854,1.9056,0.016057,,,,0.0161883,,,,,,15,8
ThH9,single,SC_HighPressure,mixed,gap(Δ)→Debye,2,6.30137,0,3.30331,rational,3.33333,0.00908853,3.30101,0.00979215,,,,-0.00974332,,,,,,10,3
ThH9,single,SC_HighPressure,mixed,Debye→electronic(E_F),1,6.30137,0,75.6816,rational,75.6,0.00107873,75.6553,0.000730584,,,,0.000731214,,,,,,378,5
UH7,single,SC_HighPressure,mixed,thermal@Tc→gap(Δ),3,12.6316,0,1.83229,rational,1.8,0.017624,1.82845,0.0155614,,,,0.0156819,,,,,,9,5
UH7,single,SC_HighPressure,mixed,gap(Δ)→Debye,2,12.6316,0,6.89387,rational,6.85714,0.00532702,6.88424,0.00393573,,,,0.0039443,,,,,,48,7
UH7,single,SC_HighPressure,mixed,Debye→electronic(E_F),1,12.6316,0,101.54,rational,101.25,0.00285144,101.469,0.00215455,,,,0.00216063,,,,,,405,4
VH8,single,SC_HighPressure,mixed,thermal@Tc→gap(Δ),3,6.81481,0,1.89111,rational,1.875,0.00851705,1.88897,0.00739505,,,,0.00742305,,,,,,15,8
VH8,single,SC_HighPressure,mixed,gap(Δ)→Debye,2,6.81481,0,3.60361,rational,3.6,0.00100235,3.6009,0.000248967,,,,0.000249969,,,,,,18,5
VH8,single,SC_HighPressure,mixed,Debye→electronic(E_F),1,6.81481,0,78.2044,rational,78.125,0.00101479,78.1749,0.000638247,,,,0.000638516,,,,,,625,8
Y3LuH24,single,SC_HighPressure,mixed,thermal@Tc→gap(Δ),3,4.0636,0,1.96826,integer,2,0.0161272,1.96693,0.0168126,,,,-0.0166732,1,0,0,0,,,
Y3LuH24,single,SC_HighPressure,mixed,gap(Δ)→Debye,2,4.0636,0,2.06457,integer,2,0.031275,2.06364,0.0308395,,,,0.0313242,1,0,0,0,,,
Y3LuH24,single,SC_HighPressure,mixed,Debye→electronic(E_F),1,4.0636,0,72.6544,rational,73.1429,0.00672338,72.6381,0.00694961,,,,-0.00692548,,,,,,512,7
YCaH18,single,SC_HighPressure,mixed,thermal@Tc→gap(Δ),3,5.3125,0,1.93409,rational,1.875,0.03055,1.93238,0.029695,,,,0.0301437,,,,,,15,8
YCaH18,single,SC_HighPressure,mixed,gap(Δ)→Debye,2,5.3125,0,2.74677,rational,2.8,0.0193773,2.74516,0.0199765,,,,-0.0197801,,,,,,14,5
YCaH18,single,SC_HighPressure,mixed,Debye→electronic(E_F),1,5.3125,0,76.2258,rational,76.8,0.00753346,76.2034,0.00782948,,,,-0.00779856,,,,,,384,5
YH10,single,SC_HighPressure,integer,thermal@Tc→gap(Δ),3,3.77049,0,1.90238,integer,2,0.0513147,1.90119,0.0519726,,,,-0.0506672,1,0,0,0,,,
YH10,single,SC_HighPressure,integer,gap(Δ)→Debye,2,3.77049,0,1.98199,integer,2,0.00908853,1.98116,0.00950943,,,,-0.00946465,1,0,0,0,,,
YH10,single,SC_HighPressure,integer,Debye→electronic(E_F),1,3.77049,0,70.6362,integer,70,0.00900667,70.6215,0.00880004,,,,0.00883939,1,0,1,1,,,
YH4,single,SC_HighPressure,integer,thermal@Tc→gap(Δ),3,9.09091,0,1.84617,integer,2,0.0833219,1.84339,0.0849579,,,,-0.0815409,1,0,0,0,,,
YH4,single,SC_HighPressure,integer,gap(Δ)→Debye,2,9.09091,0,4.92419,integer,5,0.0153953,4.91924,0.0164171,,,,-0.0162839,0,0,1,0,,,
YH4,single,SC_HighPressure,integer,Debye→electronic(E_F),1,9.09091,0,79.7811,integer,80,0.00274423,79.741,0.0032485,,,,-0.00324275,4,0,1,0,,,
YH6,single,SC_HighPressure,integer,thermal@Tc→gap(Δ),3,4.6875,0,1.96862,integer,2,0.0159382,1.96709,0.0167288,,,,-0.0165919,1,0,0,0,,,
YH6,single,SC_HighPressure,integer,gap(Δ)→Debye,2,4.6875,0,2.38111,integer,2,0.160054,2.37987,0.159618,,,,0.173899,1,0,0,0,,,
YH6,single,SC_HighPressure,integer,Debye→electronic(E_F),1,4.6875,0,66.3115,integer,64,0.0348587,66.2943,0.0346085,,,,0.0352208,6,0,0,0,,,
YH9,single,SC_HighPressure,integer,thermal@Tc→gap(Δ),3,4.52675,0,1.95796,integer,2,0.0214693,1.95649,0.0222368,,,,-0.0219951,1,0,0,0,,,
YH9,single,SC_HighPressure,integer,gap(Δ)→Debye,2,4.52675,0,2.31197,integer,2,0.134936,2.31081,0.134503,,,,0.144451,1,0,0,0,,,
YH9,single,SC_HighPressure,integer,Debye→electronic(E_F),1,4.52675,0,68.5722,integer,70,0.0208226,68.555,0.0210781,,,,-0.0208589,1,0,1,1,,,
YHfH12,single,SC_HighPressure,mixed,thermal@Tc→gap(Δ),3,5.89286,0,1.93409,rational,1.875,0.03055,1.9322,0.0296015,,,,0.0300506,,,,,,15,8
YHfH12,single,SC_HighPressure,mixed,gap(Δ)→Debye,2,5.89286,0,3.04684,integer,3,0.0153742,3.04486,0.0147322,,,,0.0148426,0,1,0,0,,,
YHfH12,single,SC_HighPressure,mixed,Debye→electronic(E_F),1,5.89286,0,75.0191,integer,75,0.000254696,74.9947,7.11397e-05,,,,-7.06692e-05,0,1,2,0,,,
YLu3H24,single,SC_HighPressure,mixed,thermal@Tc→gap(Δ),3,4.02778,0,1.97438,integer,2,0.0129763,1.97306,0.0136535,,,,-0.0135615,1,0,0,0,,,
YLu3H24,single,SC_HighPressure,mixed,gap(Δ)→Debye,2,4.02778,0,2.04002,integer,2,0.0196183,2.03911,0.0191815,,,,0.0193663,1,0,0,0,,,
YLu3H24,single,SC_HighPressure,mixed,Debye→electronic(E_F),1,4.02778,0,73.0284,rational,73.1429,0.00156684,73.0122,0.00178994,,,,-0.00178851,,,,,,512,7
YLuH12,single,SC_HighPressure,mixed,thermal@Tc→gap(Δ),3,4.10909,0,1.98332,integer,2,0.00841134,1.98197,0.00909911,,,,-0.00905588,1,0,0,0,,,
YLuH12,single,SC_HighPressure,mixed,gap(Δ)→Debye,2,4.10909,0,2.07183,rational,2.14286,0.0342839,2.07089,0.034754,,,,-0.0341629,,,,,,15,7
YLuH12,single,SC_HighPressure,mixed,Debye→electronic(E_F),1,4.10909,0,71.8864,integer,72,0.00158033,71.8701,0.00180793,,,,-0.0018058,3,2,0,0,,,
YThH12,single,SC_HighPressure,mixed,thermal@Tc→gap(Δ),3,5.77143,0,1.98935,integer,2,0.00535555,1.98744,0.00631889,,,,-0.0062998,1,0,0,0,,,
YThH12,single,SC_HighPressure,mixed,gap(Δ)→Debye,2,5.77143,0,2.90117,rational,2.85714,0.0151753,2.89932,0.0145464,,,,0.0146551,,,,,,20,7
YThH12,single,SC_HighPressure,mixed,Debye→electronic(E_F),1,5.77143,0,74.6825,rational,74.6667,0.000212576,74.6587,0.000106557,,,,-0.000107149,,,,,,224,3
ZrH10,single,SC_HighPressure,integer,thermal@Tc→gap(Δ),3,4.90909,0,1.95167,integer,2,0.024764,1.95008,0.0255991,,,,-0.0252768,1,0,0,0,,,
ZrH10,single,SC_HighPressure,integer,gap(Δ)→Debye,2,4.90909,0,2.51533,integer,3,0.192687,2.51396,0.193334,,,,-0.176753,0,1,0,0,,,
ZrH10,single,SC_HighPressure,integer,Debye→electronic(E_F),1,4.90909,0,71.991,integer,72,0.000125126,71.9715,0.000396654,,,,-0.000395912,3,2,0,0,,,
Ba(Fe0.8Co0.2)2As2,single,SC_IronBased,mixed,thermal@Tc→gap(Δ),3,9.88142,0,1.83471,rational,1.8,0.0189166,1.8317,0.017306,,,,0.0174578,,,,,,9,5
Ba(Fe0.8Co0.2)2As2,single,SC_IronBased,mixed,gap(Δ)→Debye,2,9.88142,0,5.38583,rational,5.4,0.00263037,5.37995,0.00372711,,,,-0.00371987,,,,,,27,5
Ba(Fe0.8Co0.2)2As2,single,SC_IronBased,mixed,Debye→electronic(E_F),1,9.88142,0,9.28361,rational,9.33333,0.00535555,9.27854,0.00590511,,,,-0.00588766,,,,,,28,3
Ba(Fe0.9Co0.1)2As2,single,SC_IronBased,mixed,thermal@Tc→gap(Δ),3,11.3636,0,1.84617,rational,1.875,0.0156143,1.84269,0.0175322,,,,-0.0173822,,,,,,15,8
Ba(Fe0.9Co0.1)2As2,single,SC_IronBased,mixed,gap(Δ)→Debye,2,11.3636,0,6.15524,rational,6.125,0.00491257,6.1475,0.00366059,,,,0.00366674,,,,,,49,8
Ba(Fe0.9Co0.1)2As2,single,SC_IronBased,mixed,Debye→electronic(E_F),1,11.3636,0,9.28361,rational,9.33333,0.00535555,9.27778,0.0059876,,,,-0.00596957,,,,,,28,3
Ba0.6K0.4Fe2As2,single,SC_IronBased,mixed,thermal@Tc→gap(Δ),3,6.57895,0,1.83229,rational,1.8,0.017624,1.83029,0.0165508,,,,0.0166878,,,,,,9,5
Ba0.6K0.4Fe2As2,single,SC_IronBased,mixed,gap(Δ)→Debye,2,6.57895,0,3.59056,rational,3.6,0.00263037,3.58794,0.0033603,,,,-0.00335562,,,,,,18,5
Ba0.6K0.4Fe2As2,single,SC_IronBased,mixed,Debye→electronic(E_F),1,6.57895,0,9.28361,rational,9.33333,0.00535555,9.28024,0.00572137,,,,-0.00570446,,,,,,28,3
FeSe (monolayer on STO),single,SC_IronBased,mixed,thermal@Tc→gap(Δ),3,4.4,0,3.16487,rational,3.2,0.0111004,3.16256,0.0118389,,,,-0.011769,,,,,,16,5
FeSe (monolayer on STO),single,SC_IronBased,mixed,gap(Δ)→Debye,2,4.4,0,1.39026,rational,1.4,0.00700364,1.38959,0.00749383,,,,-0.0074635,,,,,,7,5
FeSe (monolayer on STO),single,SC_IronBased,mixed,Debye→electronic(E_F),1,4.4,0,0.479526,rational,0.5,0.0426973,0.479409,0.042951,,,,-0.042054,,,,,,1,2
FeSe0.5Te0.5,single,SC_IronBased,mixed,thermal@Tc→gap(Δ),3,16.5517,0,1.76069,rational,1.75,0.00606895,1.75585,0.00333269,,,,0.00333728,,,,,,7,4
FeSe0.5Te0.5,single,SC_IronBased,mixed,gap(Δ)→Debye,2,16.5517,0,9.40073,rational,9.375,0.00273672,9.38352,0.000908118,,,,0.000908387,,,,,,75,8
FeSe0.5Te0.5,single,SC_IronBased,mixed,Debye→electronic(E_F),1,16.5517,0,0.483522,rational,0.5,0.03408,0.483079,0.0350272,,,,-0.0344279,,,,,,1,2
FeSe0.7Te0.3,single,SC_IronBased,mixed,thermal@Tc→gap(Δ),3,12.25,0,1.74068,rational,1.75,0.00535555,1.73714,0.00740247,,,,-0.00737571,,,,,,7,4
FeSe0.7Te0.3,single,SC_IronBased,mixed,gap(Δ)→Debye,2,12.25,0,7.03749,integer,7,0.00532702,7.02796,0.00397782,,,,0.00398633,0,0,0,1,,,
FeSe0.7Te0.3,single,SC_IronBased,mixed,Debye→electronic(E_F),1,12.25,0,0.473654,rational,0.5,0.0556233,0.473333,0.0563388,,,,-0.0548089,,,,,,1,2
FeSe1-xSx (x=0.17),single,SC_IronBased,mixed,thermal@Tc→gap(Δ),3,25,0,2.08881,rational,2.14286,0.025873,2.08015,0.0301447,,,,-0.0297014,,,,,,15,7
FeSe1-xSx (x=0.17),single,SC_IronBased,mixed,gap(Δ)→Debye,2,25,0,11.9685,integer,12,0.00263037,11.9354,0.00540979,,,,-0.00539788,2,1,0,0,,,
FeSe1-xSx (x=0.17),single,SC_IronBased,mixed,Debye→electronic(E_F),1,25,0,0.464181,rational,0.428571,0.0767143,0.463539,0.0754363,,,,0.0784341,,,,,,3,7
LaO0.9F0.1FeAs,single,SC_IronBased,mixed,thermal@Tc→gap(Δ),3,10.7692,0,1.82994,rational,1.8,0.0163629,1.82667,0.0146027,,,,0.014708,,,,,,9,5
LaO0.9F0.1FeAs,single,SC_IronBased,mixed,gap(Δ)→Debye,2,10.7692,0,5.88501,rational,5.83333,0.00878074,5.878,0.00759895,,,,0.00762855,,,,,,35,6
LaO0.9F0.1FeAs,single,SC_IronBased,mixed,Debye→electronic(E_F),1,10.7692,0,8.28894,rational,8.33333,0.00535555,8.28401,0.00595452,,,,-0.00593599,,,,,,25,3
LiFeAs,single,SC_IronBased,mixed,thermal@Tc→gap(Δ),3,15,0,1.80515,rational,1.8,0.00285144,1.80066,0.000364322,,,,0.000366599,,,,,,9,5
LiFeAs,single,SC_IronBased,mixed,gap(Δ)→Debye,2,15,0,8.30957,rational,8.33333,0.00285959,8.29579,0.00452578,,,,-0.00451498,,,,,,25,3
LiFeAs,single,SC_IronBased,mixed,Debye→electronic(E_F),1,15,0,6.44695,rational,6.42857,0.00285144,6.44161,0.00202377,,,,0.00202639,,,,,,45,7
NdFeAsO0.9F0.1,single,SC_IronBased,mixed,thermal@Tc→gap(Δ),3,5.38462,0,1.78531,rational,1.8,0.00822799,1.78372,0.00912928,,,,-0.00908559,,,,,,9,5
NdFeAsO0.9F0.1,single,SC_IronBased,mixed,gap(Δ)→Debye,2,5.38462,0,3.01607,integer,3,0.00532702,3.01427,0.00473441,,,,0.00474539,0,1,0,0,,,
NdFeAsO0.9F0.1,single,SC_IronBased,mixed,Debye→electronic(E_F),1,5.38462,0,8.28894,rational,8.33333,0.00535555,8.28647,0.00565494,,,,-0.00563907,,,,,,25,3
PrFeAsO0.9F0.1,single,SC_IronBased,mixed,thermal@Tc→gap(Δ),3,5.38462,0,1.78531,rational,1.8,0.00822799,1.78372,0.00912928,,,,-0.00908559,,,,,,9,5
PrFeAsO0.9F0.1,single,SC_IronBased,mixed,gap(Δ)→Debye,2,5.38462,0,3.01607,integer,3,0.00532702,3.01427,0.00473441,,,,0.00474539,0,1,0,0,,,
PrFeAsO0.9F0.1,single,SC_IronBased,mixed,Debye→electronic(E_F),1,5.38462,0,8.28894,rational,8.33333,0.00535555,8.28647,0.00565494,,,,-0.00563907,,,,,,25,3
SmFeAsO0.9F0.1,single,SC_IronBased,mixed,thermal@Tc→gap(Δ),3,6.51163,0,1.88911,rational,1.875,0.00746787,1.88707,0.0063947,,,,0.0064167,,,,,,15,8
SmFeAsO0.9F0.1,single,SC_IronBased,mixed,gap(Δ)→Debye,2,6.51163,0,3.44693,rational,3.42857,0.00532702,3.44445,0.00461029,,,,0.00462098,,,,,,24,7
SmFeAsO0.9F0.1,single,SC_IronBased,mixed,Debye→electronic(E_F),1,6.51163,0,8.28894,rational,8.33333,0.00535555,8.28596,0.00571763,,,,-0.00570062,,,,,,25,3
(TMTSF)2PF6 (under P),single,SC_Molecular,rational,thermal@Tc→gap(Δ),3,181.818,0,2.10991,rational,2.14286,0.0156143,2.04628,0.0471954,,,,-0.0461179,,,,,,15,7
(TMTSF)2PF6 (under P),single,SC_Molecular,rational,gap(Δ)→Debye,2,181.818,0,86.1733,rational,86.4,0.00263037,84.4408,0.0232021,,,,-0.022937,,,,,,432,5
(TMTSF)2PF6 (under P),single,SC_Molecular,rational,Debye→electronic(E_F),1,181.818,0,5.80226,rational,5.83333,0.00535555,5.74393,0.0155646,,,,-0.0154444,,,,,,35,6
Cs3C60,single,SC_Molecular,rational,thermal@Tc→gap(Δ),3,3.0303,0,1.75826,rational,1.75,0.00469801,1.75738,0.00419749,,,,0.00420828,,,,,,7,4
Cs3C60,single,SC_Molecular,rational,gap(Δ)→Debye,2,3.0303,0,1.72347,rational,1.71429,0.00532702,1.72289,0.0049936,,,,0.00500411,,,,,,12,7
Cs3C60,single,SC_Molecular,rational,Debye→electronic(E_F),1,3.0303,0,406.158,rational,405,0.00285144,406.09,0.00268434,,,,0.00268774,,,,,,405,1
K3C60,single,SC_Molecular,rational,thermal@Tc→gap(Δ),3,6.66667,0,1.93409,rational,1.875,0.03055,1.93195,0.0294768,,,,0.0299212,,,,,,15,8
K3C60,single,SC_Molecular,rational,gap(Δ)→Debye,2,6.66667,0,3.44693,rational,3.42857,0.00532702,3.44439,0.00459321,,,,0.00460356,,,,,,24,7
K3C60,single,SC_Molecular,rational,Debye→electronic(E_F),1,6.66667,0,338.465,rational,337.5,0.00285144,338.34,0.00248376,,,,0.0024858,,,,,,675,2
Rb3C60,single,SC_Molecular,rational,thermal@Tc→gap(Δ),3,3.92857,0,1.74068,rational,1.75,0.00535555,1.73954,0.00601109,,,,-0.00599508,,,,,,7,4
Rb3C60,single,SC_Molecular,rational,gap(Δ)→Debye,2,3.92857,0,2.25692,rational,2.25,0.0030664,2.25594,0.00263313,,,,0.00263652,,,,,,9,4
Rb3C60,single,SC_Molecular,rational,Debye→electronic(E_F),1,3.92857,0,369.235,rational,370.286,0.00284655,369.154,0.00306443,,,,-0.00306178,,,,,,2592,7
Ba0.6K0.4BiO3,single,SC_Oxide,mixed,thermal@Tc→gap(Δ),3,10,0,1.74068,rational,1.75,0.00535555,1.73779,0.00702588,,,,-0.0070016,,,,,,7,4
Ba0.6K0.4BiO3,single,SC_Oxide,mixed,gap(Δ)→Debye,2,10,0,5.74489,rational,5.71429,0.00532702,5.73854,0.0042259,,,,0.00423477,,,,,,40,7
Ba0.6K0.4BiO3,single,SC_Oxide,mixed,Debye→electronic(E_F),1,10,0,193.409,rational,192.857,0.00285144,193.302,0.00229981,,,,0.00230475,,,,,,1350,7
BaPb0.75Bi0.25O3,single,SC_Oxide,mixed,thermal@Tc→gap(Δ),3,23.3333,0,1.74068,rational,1.75,0.00535555,1.73394,0.00926165,,,,-0.00921951,,,,,,7,4
BaPb0.75Bi0.25O3,single,SC_Oxide,mixed,gap(Δ)→Debye,2,23.3333,0,13.4047,rational,13.3333,0.00532702,13.3702,0.00275395,,,,0.00276368,,,,,,40,3
BaPb0.75Bi0.25O3,single,SC_Oxide,mixed,Debye→electronic(E_F),1,23.3333,0,207.224,rational,208.286,0.00512575,206.956,0.00642412,,,,-0.00640592,,,,,,1458,7
Bi2Sr2CaCu2O8 (Bi-2212),single,SC_Oxide,mixed,thermal@Tc→gap(Δ),3,4.44444,0,2.83666,rational,2.85714,0.00722077,2.83457,0.00796383,,,,-0.00793087,,,,,,20,7
Bi2Sr2CaCu2O8 (Bi-2212),single,SC_Oxide,mixed,gap(Δ)→Debye,2,4.44444,0,1.56679,rational,1.6,0.0211976,1.56602,0.0216997,,,,-0.0214663,,,,,,8,5
Bi2Sr2CaCu2O8 (Bi-2212),single,SC_Oxide,mixed,Debye→electronic(E_F),1,4.44444,0,43.5169,rational,43.75,0.00535555,43.5062,0.00560265,,,,-0.00558816,,,,,,175,4
La2-xSrxCuO4 (LSCO x~0.15),single,SC_Oxide,mixed,thermal@Tc→gap(Δ),3,9.47368,0,2.13767,rational,2.14286,0.00242448,2.13432,0.00400215,,,,-0.00399329,,,,,,15,7
La2-xSrxCuO4 (LSCO x~0.15),single,SC_Oxide,mixed,gap(Δ)→Debye,2,9.47368,0,4.43177,rational,4.375,0.0128101,4.42713,0.0117748,,,,0.011845,,,,,,35,8
La2-xSrxCuO4 (LSCO x~0.15),single,SC_Oxide,mixed,Debye→electronic(E_F),1,9.47368,0,48.3522,rational,48.6,0.00512575,48.3268,0.00565251,,,,-0.00563726,,,,,,243,5
SrTiO3-doped,single,SC_Oxide,mixed,thermal@Tc→gap(Δ),3,1142.86,0,1.65779,rational,1.66667,0.00535555,1.34353,0.240511,,,,-0.215527,,,,,,5,3
SrTiO3-doped,single,SC_Oxide,mixed,gap(Δ)→Debye,2,1142.86,0,689.387,rational,691.2,0.00263037,602.265,0.147668,,,,-0.137732,,,,,,3456,5
SrTiO3-doped,single,SC_Oxide,mixed,Debye→electronic(E_F),1,1142.86,0,130.551,rational,130.667,0.0008873,122.302,0.068397,,,,-0.0661587,,,,,,392,3
YBa2Cu3O7 (YBCO),single,SC_Oxide,mixed,thermal@Tc→gap(Δ),3,4.56522,0,2.52272,rational,2.5,0.00900667,2.52081,0.0082557,,,,0.00828955,,,,,,5,2
YBa2Cu3O7 (YBCO),single,SC_Oxide,mixed,gap(Δ)→Debye,2,4.56522,0,1.80964,rational,1.8,0.00532702,1.80873,0.00482464,,,,0.00483828,,,,,,9,5
YBa2Cu3O7 (YBCO),single,SC_Oxide,mixed,Debye→electronic(E_F),1,4.56522,0,41.4447,rational,41.6667,0.00535555,41.4342,0.00560937,,,,-0.00559562,,,,,,125,3
Al,single,SC_TypeI,integer,thermal@Tc→gap(Δ),3,356.667,0,1.74068,integer,2,0.148978,1.6377,0.221225,,,,-0.199854,1,0,0,0,,,
Al,single,SC_TypeI,integer,gap(Δ)→Debye,2,356.667,0,204.901,integer,200,0.023919,196.82,0.016158,,,,-0.0160278,3,0,2,0,,,
Al,single,SC_TypeI,integer,Debye→electronic(E_F),1,356.667,0,317.226,integer,315,0.00701806,310.971,0.0129573,,,,-0.012873,0,2,1,1,,,
Cd,single,SC_TypeI,integer,thermal@Tc→gap(Δ),3,401.923,0,1.74068,integer,2,0.148978,1.62463,0.231047,,,,-0.207867,1,0,0,0,,,
Cd,single,SC_TypeI,integer,gap(Δ)→Debye,2,401.923,0,230.9,integer,225,0.0255536,220.638,0.0197691,,,,-0.0195771,0,2,2,0,,,
Cd,single,SC_TypeI,integer,Debye→electronic(E_F),1,401.923,0,414.209,integer,420,0.0139806,405.005,0.0370254,,,,-0.0363553,2,1,1,1,,,
Hg,single,SC_TypeI,integer,thermal@Tc→gap(Δ),3,23.1325,0,2.06924,integer,2,0.0334613,2.0613,0.0297384,,,,0.0301897,1,0,0,0,,,
Hg,single,SC_TypeI,integer,gap(Δ)→Debye,2,23.1325,0,11.1792,integer,12,0.0734179,11.1506,0.0761707,,,,-0.0734133,2,1,0,0,,,
Hg,single,SC_TypeI,integer,Debye→electronic(E_F),1,23.1325,0,1075.84,integer,1080,0.00387091,1074.46,0.00515649,,,,-0.00514283,3,3,1,0,,,
In,single,SC_TypeI,integer,thermal@Tc→gap(Δ),3,37.8299,0,1.80363,integer,2,0.108872,1.79232,0.115874,,,,-0.109636,1,0,0,0,,,
In,single,SC_TypeI,integer,gap(Δ)→Debye,2,37.8299,0,20.9743,integer,21,0.00122703,20.8865,0.00543294,,,,-0.00541942,0,1,0,1,,,
In,single,SC_TypeI,integer,Debye→electronic(E_F),1,37.8299,0,850.998,integer,840,0.0129236,849.218,0.0108548,,,,0.010914,3,1,1,1,,,
La,single,SC_TypeI,integer,thermal@Tc→gap(Δ),3,28.9796,0,1.75252,integer,2,0.141214,1.7441,0.146726,,,,-0.136909,1,0,0,0,,,
La,single,SC_TypeI,integer,gap(Δ)→Debye,2,28.9796,0,16.536,integer,16,0.032412,16.483,0.0293014,,,,0.0297408,4,0,0,0,,,
La,single,SC_TypeI,integer,Debye→electronic(E_F),1,28.9796,0,629.259,integer,630,0.00117745,628.251,0.00278417,,,,-0.00278005,1,2,1,1,,,
Pb,single,SC_TypeI,integer,thermal@Tc→gap(Δ),3,14.5833,0,2.17585,integer,2,0.0808178,2.17058,0.078589,,,,0.0818472,1,0,0,0,,,
Pb,single,SC_TypeI,integer,gap(Δ)→Debye,2,14.5833,0,6.70237,integer,7,0.0444066,6.69156,0.0460936,,,,-0.0450631,0,0,0,1,,,
Pb,single,SC_TypeI,integer,Debye→electronic(E_F),1,14.5833,0,1046.62,integer,1050,0.0032323,1045.77,0.00404187,,,,-0.00403671,1,1,2,1,,,
Sn,single,SC_TypeI,integer,thermal@Tc→gap(Δ),3,53.7634,0,1.77811,integer,2,0.124789,1.76226,0.134909,,,,-0.12655,1,0,0,0,,,
Sn,single,SC_TypeI,integer,gap(Δ)→Debye,2,53.7634,0,30.2363,integer,30,0.0078137,30.0565,0.00187978,,,,0.00188156,1,1,1,0,,,
Sn,single,SC_TypeI,integer,Debye→electronic(E_F),1,53.7634,0,591.83,integer,588,0.00647217,590.071,0.00351005,,,,0.00351592,2,1,0,2,,,
Tl,single,SC_TypeI,integer,thermal@Tc→gap(Δ),3,40.1674,0,1.74796,integer,2,0.14419,1.73632,0.151865,,,,-0.141379,1,0,0,0,,,
Tl,single,SC_TypeI,integer,gap(Δ)→Debye,2,40.1674,0,22.9796,integer,24,0.0444066,22.8775,0.0490662,,,,-0.0478999,3,1,0,0,,,
Tl,single,SC_TypeI,integer,Debye→electronic(E_F),1,40.1674,0,1063.75,integer,1050,0.0129236,1061.39,0.0107266,,,,0.0107892,1,1,2,1,,,
Zn,single,SC_TypeI,integer,thermal@Tc→gap(Δ),3,384.706,0,1.77481,integer,2,0.126882,1.66156,0.20369,,,,-0.18539,1,0,0,0,,,
Zn,single,SC_TypeI,integer,gap(Δ)→Debye,2,384.706,0,216.759,integer,216,0.00350193,207.538,0.0407728,,,,-0.039964,3,3,0,0,,,
Zn,single,SC_TypeI,integer,Debye→electronic(E_F),1,384.706,0,336.07,integer,336,0.000207349,328.921,0.0215205,,,,-0.0212936,4,1,0,1,,,
Hf,single,SC_TypeII,integer,thermal@Tc→gap(Δ),3,1861.54,0,1.78531,integer,2,0.120253,1.23406,0.620666,,,,-0.482838,1,0,0,0,,,
Hf,single,SC_TypeII,integer,gap(Δ)→Debye,2,1861.54,0,1042.7,integer,1050,0.00700364,828.062,0.268021,,,,-0.237457,1,1,2,1,,,
Hf,single,SC_TypeII,integer,Debye→electronic(E_F),1,1861.54,0,369.235,integer,375,0.0156143,331.232,0.132138,,,,-0.124107,0,1,3,0,,,
Mo,single,SC_TypeII,integer,thermal@Tc→gap(Δ),3,489.13,0,1.7659,integer,2,0.132564,1.62264,0.232563,,,,-0.209093,1,0,0,0,,,
Mo,single,SC_TypeII,integer,gap(Δ)→Debye,2,489.13,0,276.986,integer,280,0.0108825,262.004,0.0686849,,,,-0.0664298,3,0,1,1,,,
Mo,single,SC_TypeII,integer,Debye→electronic(E_F),1,489.13,0,170.2,integer,168,0.0129236,165.597,0.0145125,,,,-0.0144069,3,1,0,1,,,
Nb,single,SC_TypeII,integer,thermal@Tc→gap(Δ),3,29.7297,0,1.94454,integer,2,0.0285204,1.93495,0.0336174,,,,-0.0330657,1,0,0,0,,,
Nb,single,SC_TypeII,integer,gap(Δ)→Debye,2,29.7297,0,15.2888,integer,15,0.0188907,15.2386,0.0156547,,,,0.0157815,0,1,1,0,,,
Nb,single,SC_TypeII,integer,Debye→electronic(E_F),1,29.7297,0,224.495,integer,224,0.00220352,224.126,0.000560701,,,,0.000562342,5,0,0,1,,,
NbN,single,SC_TypeII,integer,thermal@Tc→gap(Δ),3,22.4768,0,1.76762,integer,2,0.131463,1.76103,0.135697,,,,-0.127248,1,0,0,0,,,
NbN,single,SC_TypeII,integer,gap(Δ)→Debye,2,22.4768,0,12.7158,integer,12,0.0562937,12.6842,0.0539424,,,,0.0554505,2,1,0,0,,,
NbN,single,SC_TypeII,integer,Debye→electronic(E_F),1,22.4768,0,170.072,integer,168,0.0121815,169.86,0.0109524,,,,0.0110106,3,1,0,1,,,
Re,single,SC_TypeII,integer,thermal@Tc→gap(Δ),3,244.706,0,1.91133,integer,2,0.0463905,1.83375,0.0906591,,,,-0.0867841,1,0,0,0,,,
Re,single,SC_TypeII,integer,gap(Δ)→Debye,2,244.706,0,128.029,integer,128,0.000226131,124.565,0.0275794,,,,-0.0272026,7,0,0,0,,,
Re,single,SC_TypeII,integer,Debye→electronic(E_F),1,244.706,0,312.429,integer,315,0.00822799,308.202,0.022056,,,,-0.0218172,0,2,1,1,,,
Ta,single,SC_TypeII,integer,thermal@Tc→gap(Δ),3,54.8098,0,1.81726,integer,2,0.100557,1.80074,0.110654,,,,-0.104949,1,0,0,0,,,
Ta,single,SC_TypeII,integer,gap(Δ)→Debye,2,54.8098,0,30.1607,integer,30,0.00532702,29.9779,0.000738258,,,,-0.000736938,1,1,1,0,,,
Ta,single,SC_TypeII,integer,Debye→electronic(E_F),1,54.8098,0,331.558,integer,336,0.0133984,330.553,0.0164787,,,,-0.0163442,4,1,0,1,,,
Ti,single,SC_TypeII,integer,thermal@Tc→gap(Δ),3,1050,0,1.74068,integer,2,0.148978,1.43752,0.391286,,,,-0.330228,1,0,0,0,,,
Ti,single,SC_TypeII,integer,gap(Δ)→Debye,2,1050,0,603.213,integer,600,0.00532702,533.176,0.125333,,,,-0.118078,3,1,2,0,,,
Ti,single,SC_TypeII,integer,Debye→electronic(E_F),1,1050,0,245.905,integer,245,0.00368136,231.63,0.0577235,,,,-0.0561169,0,0,1,2,,,
V,single,SC_TypeII,integer,thermal@Tc→gap(Δ),3,70.3704,0,1.82664,integer,2,0.0949082,1.80532,0.107839,,,,-0.102409,1,0,0,0,,,
V,single,SC_TypeII,integer,gap(Δ)→Debye,2,70.3704,0,38.5245,integer,40,0.038299,38.2248,0.0464418,,,,-0.0453949,3,0,1,0,,,
V,single,SC_TypeII,integer,Debye→electronic(E_F),1,70.3704,0,161.852,integer,162,0.000911388,161.223,0.00482088,,,,-0.00480784,1,4,0,0,,,
Zr,single,SC_TypeII,integer,thermal@Tc→gap(Δ),3,477.049,0,1.71214,integer,2,0.168127,1.57666,0.2685,,,,-0.237838,1,0,0,0,,,
Zr,single,SC_TypeII,integer,gap(Δ)→Debye,2,477.049,0,278.627,integer,280,0.00492734,263.929,0.0608909,,,,-0.0591095,3,0,1,1,,,
Zr,single,SC_TypeII,integer,Debye→electronic(E_F),1,477.049,0,330.988,integer,336,0.0151426,322.258,0.0426431,,,,-0.0417587,4,1,0,1,,,
2H-NbSe2,sigma,SC_Binary,integer,thermal@Tc→gap(Δ),3,27.7778,0,1.8535,integer,2,0.07904,1.84496,0.0840346,1.84496,0.0840346,intra,-0.0806896,1,0,0,0,,,
2H-NbSe2,sigma,SC_Binary,integer,gap(Δ)→Debye,2,27.7778,0,14.9867,integer,15,0.000889688,14.9406,0.00397352,14.9406,0.00397352,intra,-0.00396786,0,1,1,0,,,
2H-NbSe2,sigma,SC_Binary,integer,Debye→electronic(E_F),1,27.7778,0,307.52,integer,315,0.0243245,307.047,0.0259001,307.047,0.0259001,intra,-0.0255718,0,2,1,1,,,
2H-NbSe2,pi,SC_Binary,integer,thermal@Tc→gap(Δ),3,27.7778,0,0.999278,integer,1,0.000722572,0.994674,0.00535469,0.994674,0.00535469,intra,-0.00534023,0,0,0,0,,,
2H-NbSe2,pi,SC_Binary,integer,gap(Δ)→Debye,2,27.7778,0,27.7978,integer,28,0.00727217,27.7125,0.0103757,27.7125,0.0103757,intra,-0.0103209,2,0,0,1,,,
2H-NbSe2,pi,SC_Binary,integer,Debye→electronic(E_F),1,27.7778,0,307.52,integer,315,0.0243245,307.047,0.0259001,307.047,0.0259001,intra,-0.0255718,0,2,1,1,,,
2H-NbSe2,sigma-vs-pi,SC_Binary,rational,gap(sigma) / gap(pi),,,,1.85484,rational,1.875,0.0108696,1.85484,0.0108696,1.85484,0.0108696,inter,-0.0108102,,,,,,15,8
2H-NbSe2,sigma-vs-pi,SC_Binary,rational,Debye(sigma) / Debye(pi),,,,1,rational,1,0,1,0,1,0,inter,0,,,,,,1,1
MgB2,pi,SC_Binary,mixed,thermal@Tc→gap(Δ),3,19.2308,1.58974,0.80339,rational,0.8,0.00421927,0.800827,0.00103279,0.79346,0.00824277,intra,0.00103322,,,,,,4,5
MgB2,pi,SC_Binary,mixed,gap(Δ)→Debye,2,19.2308,1.58974,23.937,integer,24,0.00263037,23.8861,0.00476702,23.6666,0.0140864,intra,-0.00475713,3,1,0,0,,,
MgB2,pi,SC_Binary,mixed,Debye→electronic(E_F),1,19.2308,1.58974,92.8361,rational,92.5714,0.00285144,92.7374,0.00179008,91.8861,0.00745854,intra,0.0017916,,,,,,648,7
MgB2,sigma,SC_Binary,integer,thermal@Tc→gap(Δ),3,20.8205,1.58974,2.11262,integer,2,0.0533071,2.10532,0.0500264,2.08595,0.0412033,intra,0.0513203,1,0,0,0,,,
MgB2,sigma,SC_Binary,integer,gap(Δ)→Debye,2,20.8205,1.58974,9.85532,integer,10,0.0146808,9.83263,0.0170223,9.74225,0.026457,intra,-0.0168786,1,0,1,0,,,
MgB2,sigma,SC_Binary,integer,Debye→electronic(E_F),1,20.8205,1.58974,85.7477,integer,84,0.0203816,85.649,0.0192526,84.8626,0.0101649,intra,0.0194408,2,1,0,1,,,
MgB2,sigma-vs-pi,SC_Binary,rational,gap(sigma) / gap(pi),,,,2.62963,rational,2.625,0.00176056,2.62963,0.00176056,2.62963,0.00176056,inter,0.00176226,,,,,,21,8
MgB2,sigma-vs-pi,SC_Binary,rational,Debye(sigma) / Debye(pi),,,,1.08267,rational,1.125,0.039101,1.08267,0.039101,1.08267,0.039101,inter,-0.0383528,,,,,,9,8
LaH10,H1-optic-sigma,SC_HighPressure,integer,thermal@Tc→gap(Δ),3,3.8,2,0.835525,integer,1,0.196852,0.834999,0.197607,0.834999,0.197607,intra,-0.180325,0,0,0,0,,,
LaH10,H1-optic-sigma,SC_HighPressure,integer,gap(Δ)→Debye,2,3.8,2,4.54804,integer,5,0.0993754,4.54613,0.0998376,4.54613,0.0998376,intra,-0.0951616,0,0,1,0,,,
LaH10,H1-optic-sigma,SC_HighPressure,integer,Debye→electronic(E_F),1,3.8,2,79.3993,integer,80,0.00756512,79.3827,0.00777685,79.3827,0.00777685,intra,-0.00774617,4,0,1,0,,,
LaH10,H2-optic-pi,SC_HighPressure,mixed,thermal@Tc→gap(Δ),3,5.8,2,1.62463,rational,1.6,0.0151619,1.62307,0.0142136,1.62307,0.0142136,intra,0.0143158,,,,,,8,5
LaH10,H2-optic-pi,SC_HighPressure,mixed,gap(Δ)→Debye,2,5.8,2,3.57004,rational,3.57143,0.000389493,3.56775,0.00103151,3.56775,0.00103151,intra,-0.00103093,,,,,,25,7
LaH10,H2-optic-pi,SC_HighPressure,mixed,Debye→electronic(E_F),1,5.8,2,52.0203,rational,52.5,0.0092223,52.0036,0.00954604,52.0036,0.00954604,intra,-0.00950022,,,,,,105,2
LaH10,La-acous-sigma,SC_HighPressure,integer,thermal@Tc→gap(Δ),3,1.28,2,0.371345,integer,1,1.69292,0.371266,1.69349,0.371266,1.69349,intra,-0.990836,0,0,0,0,,,
LaH10,La-acous-sigma,SC_HighPressure,integer,gap(Δ)→Debye,2,1.28,2,3.44693,integer,3,0.129661,3.44645,0.129538,3.44645,0.129538,intra,0.138732,0,1,0,0,,,
LaH10,La-acous-sigma,SC_HighPressure,integer,Debye→electronic(E_F),1,1.28,2,235.717,integer,240,0.0181711,235.7,0.0182431,235.7,0.0182431,intra,-0.0180791,4,1,1,0,,,
LaH10,H1-optic-sigma-vs-H2-optic-pi,SC_HighPressure,rational,gap(H1-optic-sigma) / gap(H2-optic-pi),,,,0.514286,rational,0.5,0.0277778,0.514286,0.0277778,0.514286,0.0277778,inter,0.0281714,,,,,,1,2
LaH10,H1-optic-sigma-vs-H2-optic-pi,SC_HighPressure,rational,Debye(H1-optic-sigma) / Debye(H2-optic-pi),,,,0.655172,rational,0.666667,0.0175439,0.655172,0.0175439,0.655172,0.0175439,inter,-0.0173929,,,,,,2,3
FeSe,pi,SC_IronBased,mixed,thermal@Tc→gap(Δ),3,28.8095,0,0.345373,rational,0.333333,0.0348587,0.343722,0.0302245,0.343722,0.0302245,intra,0.0306912,,,,,,1,3
FeSe,pi,SC_IronBased,mixed,gap(Δ)→Debye,2,28.8095,0,83.4158,rational,83.3333,0.000988454,83.15,0.00220429,83.15,0.00220429,intra,-0.00220202,,,,,,250,3
FeSe,pi,SC_IronBased,mixed,Debye→electronic(E_F),1,28.8095,0,0.479526,rational,0.5,0.0426973,0.478762,0.0443608,0.478762,0.0443608,intra,-0.0434045,,,,,,1,2
FeSe,sigma,SC_IronBased,mixed,thermal@Tc→gap(Δ),3,28.8095,0,2.07224,rational,2.14286,0.03408,2.06233,0.0390452,2.06233,0.0390452,intra,-0.038305,,,,,,15,7
FeSe,sigma,SC_IronBased,mixed,gap(Δ)→Debye,2,28.8095,0,13.9026,integer,14,0.00700364,13.8583,0.0102219,13.8583,0.0102219,intra,-0.010173,1,0,0,1,,,
FeSe,sigma,SC_IronBased,mixed,Debye→electronic(E_F),1,28.8095,0,0.479526,rational,0.5,0.0426973,0.478762,0.0443608,0.478762,0.0443608,intra,-0.0434045,,,,,,1,2
FeSe,sigma-vs-pi,SC_IronBased,rational,gap(sigma) / gap(pi),,,,6,rational,6,0,6,0,6,0,inter,0,,,,,,6,1
FeSe,sigma-vs-pi,SC_IronBased,rational,Debye(sigma) / Debye(pi),,,,1,rational,1,0,1,0,1,0,inter,0,,,,,,1,1
Helium-3 (He-3) B-phase,0-bar,Superfluid,rational,thermal@Tc→gap(Δ),3,1820,195,1.764,rational,1.75,0.00793547,1.23148,0.421051,1.23148,0.421051,intra,-0.351399,,,,,,7,4
Helium-3 (He-3) B-phase,0-bar,Superfluid,rational,gap(Δ)→Debye,2,1820,195,1031.75,rational,1029,0.00266258,824.105,0.248628,824.105,0.248628,intra,-0.222045,,,,,,1029,1
Helium-3 (He-3) B-phase,0-bar,Superfluid,rational,Debye→electronic(E_F),1,1820,195,0.999774,rational,1,0.000226182,0.89917,0.112137,0.89917,0.112137,intra,-0.106283,,,,,,1,1
Helium-3 (He-3) B-phase,10-bar,Superfluid,rational,thermal@Tc→gap(Δ),3,1625,195,1.764,rational,1.75,0.00793575,1.28854,0.358128,1.28854,0.358128,intra,-0.306106,,,,,,7,4
Helium-3 (He-3) B-phase,10-bar,Superfluid,rational,gap(Δ)→Debye,2,1625,195,921.203,rational,921.6,0.000431483,755.671,0.219578,755.671,0.219578,intra,-0.198505,,,,,,4608,5
Helium-3 (He-3) B-phase,10-bar,Superfluid,rational,Debye→electronic(E_F),1,1625,195,0.999774,rational,1,0.000226182,0.909949,0.0989627,0.909949,0.0989627,intra,-0.0943667,,,,,,1,1
Helium-3 (He-3) B-phase,0-bar-vs-10-bar,Superfluid,rational,gap(0-bar) / gap(10-bar),,,,0.892857,rational,0.875,0.0199997,0.892857,0.0199997,0.892857,0.0199997,inter,0.0202025,,,,,,7,8
Helium-3 (He-3) B-phase,0-bar-vs-10-bar,Superfluid,rational,Debye(0-bar) / Debye(10-bar),,,,1,rational,1,0,1,0,1,0,inter,0,,,,,,1,1
Helium-4 (He-4),1-bar,Superfluid,rational,thermal@Tc→gap(Δ),3,3.95994,0.0354076,3.96093,rational,4,0.00986331,3.95833,0.0105271,3.95833,0.0105271,intra,-0.0104721,,,,,,4,1
Helium-4 (He-4),1-bar,Superfluid,rational,gap(Δ)→Debye,2,3.95994,0.0354076,0.99975,rational,1,0.000250228,0.999312,0.000688415,0.999312,0.000688415,intra,-0.000688237,,,,,,1,1
Helium-4 (He-4),1-bar,Superfluid,rational,Debye→electronic(E_F),1,3.95994,0.0354076,0.996212,rational,1,0.00380287,0.995993,0.0040227,0.995993,0.0040227,intra,-0.00401505,,,,,,1,1
Helium-4 (He-4),10-bar,Superfluid,rational,thermal@Tc→gap(Δ),3,3.99535,0.0354076,3.99411,rational,4,0.00147387,3.99147,0.00213798,3.99147,0.00213798,intra,-0.00213478,,,,,,4,1
Helium-4 (He-4),10-bar,Superfluid,rational,gap(Δ)→Debye,2,3.99535,0.0354076,1.00031,rational,1,0.000309265,0.999867,0.000132594,0.999867,0.000132594,intra,-0.000133009,,,,,,1,1
Helium-4 (He-4),10-bar,Superfluid,rational,Debye→electronic(E_F),1,3.99535,0.0354076,0.999691,rational,1,0.000309361,0.99947,0.000530379,0.99947,0.000530379,intra,-0.00053014,,,,,,1,1
Helium-4 (He-4),1-bar-vs-10-bar,Superfluid,rational,gap(1-bar) / gap(10-bar),,,,1.00405,rational,1,0.00403769,1.00405,0.00403769,1.00405,0.00403769,inter,0.00404182,,,,,,1,1
Helium-4 (He-4),1-bar-vs-10-bar,Superfluid,rational,Debye(1-bar) / Debye(10-bar),,,,1.00349,rational,1,0.00348028,1.00349,0.00348028,1.00349,0.00348028,inter,0.00348392,,,,,,1,1
